,design,cluster,seq,ss
0,1,1,CCGGCGGGUUGCAGUGGGCAGCACGCUAACACGCGACGGGAGUUUGGUCGCUCCCGACUACUGCCCCCGCCAAAAAAUUUGUGAGACC,..((((((..(((((((.[[.[[(((......))).((((((([[{{{.))))))).))))))).))))))...]]...]]]]..}}}
1,1,2,CCGGCGGGUUGCAGUGGGCAGCACGCUAACACGCGACGGGAGUUUGGUCGCUCCCGACUACUGCCCCCGCCAAAAAAUUUGUGAGACC,[.((((((..(((((((]..{{{((((...).))).(((((((..[[[[)))))))[))))))).))))))......].}}}..]]]]
2,1,3,CCGGCGGGUUGCAGUGGGCAGCACGCUAACACGCGACGGGAGUUUGGUCGCUCCCGACUACUGCCCCCGCCAAAAAAUUUGUGAGACC,..((((((..(((((((.{{.{{(((......))).(((((((..[[[[))))))).))))))).))))))........}}}}.]]]]
3,1,4,CCGGCGGGUUGCAGUGGGCAGCACGCUAACACGCGACGGGAGUUUGGUCGCUCCCGACUACUGCCCCCGCCAAAAAAUUUGUGAGACC,..((((((..(((((((.[.[[[(((......))).(((((((.[{{{.))))))).))))))).))))))....]...]]]]..}}}
4,1,5,CCGGCGGGUUGCAGUGGGCAGCACGCUAACACGCGACGGGAGUUUGGUCGCUCCCGACUACUGCCCCCGCCAAAAAAUUUGUGAGACC,..((((((..(((((((.[[.[[((((...).))).(((((([[[{{{{.)))))).))))))).))))))..]].]..]]]].}}}}
5,1,6,CCGGCGGGUUGCAGUGGGCAGCACGCUAACACGCGACGGGAGUUUGGUCGCUCCCGACUACUGCCCCCGCCAAAAAAUUUGUGAGACC,..((((((..(((((((.{.{{{(((......)))..(((((({{[[[[))))))..))))))).))))))}}......}}}}.]]]]
6,1,7,CCGGCGGGUUGCAGUGGGCAGCACGCUAACACGCGACGGGAGUUUGGUCGCUCCCGACUACUGCCCCCGCCAAAAAAUUUGUGAGACC,..((((((..(((((((...{{.(((......))).(((((((..[[[[))))))).))))))).))))))......(..}}.)]]]]
7,1,8,CCGGCGGGUUGCAGUGGGCAGCACGCUAACACGCGACGGGAGUUUGGUCGCUCCCGACUACUGCCCCCGCCAAAAAAUUUGUGAGACC,..((((((..(((((((.[.[[[(((......))).((((((([[{{{{))))))).))))))).))))))....]]..]]]].}}}}
8,1,9,CCGGCGGGUUGCAGUGGGCAGCACGCUAACACGCGACGGGAGUUUGGUCGCUCCCGACUACUGCCCCCGCCAAAAAAUUUGUGAGACC,..((((((..(((((((.[[.[[(((......))).((((((([[{{{{))))))).))))))).))))))..]]....]]]].}}}}
9,1,10,CCGGCGGGUUGCAGUGGGCAGCACGCUAACACGCGACGGGAGUUUGGUCGCUCCCGACUACUGCCCCCGCCAAAAAAUUUGUGAGACC,..((((((..(((((((.[[.[[(((......))).(((((((..{{{{))))))).))))))).))))))........]]]].}}}}
10,1,11,CCGGCGGGUUGCAGUGGGCAGCACGCUAACACGCGACGGGAGUUUGGUCGCUCCCGACUACUGCCCCCGCCAAAAAAUUUGUGAGACC,..((((((..(((((((.[.[[[(((......))).(((((([[[{{{{.)))))).))))))).))))))..]].]..]]]].}}}}
11,1,12,CCGGCGGGUUGCAGUGGGCAGCACGCUAACACGCGACGGGAGUUUGGUCGCUCCCGACUACUGCCCCCGCCAAAAAAUUUGUGAGACC,..((((((..(((((((.[[.[[(((......))).(((((([[[{{{{.)))))).))))))).))))))...]]]..]]]].}}}}
12,1,13,CCGGCGGGUUGCAGUGGGCAGCACGCUAACACGCGACGGGAGUUUGGUCGCUCCCGACUACUGCCCCCGCCAAAAAAUUUGUGAGACC,..((((((..(((((((.[.[[[((((...).))).(((((([[[{{{{.)))))).))))))).))))))..].]]..]]]].}}}}
13,1,14,CCGGCGGGUUGCAGUGGGCAGCACGCUAACACGCGACGGGAGUUUGGUCGCUCCCGACUACUGCCCCCGCCAAAAAAUUUGUGAGACC,..((((((..(((((((.[[.[[(((......))).(((((([[[{{{..)))))).))))))).))))))..].]]..]]]]..}}}
14,2,1,AAGGCCGCCUGCCGGGGCAGCACACCAUUAGUCGGUGACGGGGGGUGGUCUCUUCCCGACUCGGCUUGCGGCCAAAAAAUAUUUGUGAGACC,.[((((((..((((((.{{.{{((((..]....)))).(((((((.[[[[[))))))).))))))..))))))..........}}}}]]]]]
15,2,2,AAGGCCGCCUGCCGGGGCAGCACACCAUUAGUCGGUGACGGGGGGUGGUCUCUUCCCGACUCGGCUUGCGGCCAAAAAAUAUUUGUGAGACC,..((((((..((((((...{{{((((.......)))).(((((((.[[[[[))))))).))))))..))))))..........}}}.]]]]]
16,2,3,AAGGCCGCCUGCCGGGGCAGCACACCAUUAGUCGGUGACGGGGGGUGGUCUCUUCCCGACUCGGCUUGCGGCCAAAAAAUAUUUGUGAGACC,..((((((..((((.(...{{{(((((....).)))).(((((((.[[[[.))))))).).))))..))))))..........}}}..]]]]
17,2,4,AAGGCCGCCUGCCGGGGCAGCACACCAUUAGUCGGUGACGGGGGGUGGUCUCUUCCCGACUCGGCUUGCGGCCAAAAAAUAUUUGUGAGACC,..((((((..(((((([[[{{{((((..].]].))))..(((((..[[[[[[)))))..))))))..)))))).(.(..).).}}}]]]]]]
18,2,5,AAGGCCGCCUGCCGGGGCAGCACACCAUUAGUCGGUGACGGGGGGUGGUCUCUUCCCGACUCGGCUUGCGGCCAAAAAAUAUUUGUGAGACC,{.((((((..((((((.[[.[[(((([[}....)))).(((((((.{{{{.))))))).))))))..)))))).....]]...]]]].}}}}
19,2,6,AAGGCCGCCUGCCGGGGCAGCACACCAUUAGUCGGUGACGGGGGGUGGUCUCUUCCCGACUCGGCUUGCGGCCAAAAAAUAUUUGUGAGACC,..((((((..((((((...{{{((((.......)))).((((((..[[[[[[)))))).))))))..))))))..........}}}]]]]]]
20,2,7,AAGGCCGCCUGCCGGGGCAGCACACCAUUAGUCGGUGACGGGGGGUGGUCUCUUCCCGACUCGGCUUGCGGCCAAAAAAUAUUUGUGAGACC,..((((((..(((((({{{{.{(((((.{..).)))).(((((((.[[[[[))))))).))))))..))))))}.....}.}.}}}.]]]]]
21,2,8,AAGGCCGCCUGCCGGGGCAGCACACCAUUAGUCGGUGACGGGGGGUGGUCUCUUCCCGACUCGGCUUGCGGCCAAAAAAUAUUUGUGAGACC,..((((((..((((((..{.{{(((({{{..{.)))).(((((((.[[[[[))))))).))))))..))))))}..}.}}...}}}.]]]]]
22,2,9,AAGGCCGCCUGCCGGGGCAGCACACCAUUAGUCGGUGACGGGGGGUGGUCUCUUCCCGACUCGGCUUGCGGCCAAAAAAUAUUUGUGAGACC,..((((((..((((((.[.[[[((((.[[....)))).(((((((.{{{{.))))))).))))))..))))))]].(.....)]]]].}}}}
23,2,10,AAGGCCGCCUGCCGGGGCAGCACACCAUUAGUCGGUGACGGGGGGUGGUCUCUUCCCGACUCGGCUUGCGGCCAAAAAAUAUUUGUGAGACC,..((((((..((((((.[[.[[(((([[.....)))).(((((((.{{{{.))))))).))))))..)))))).....]]...]]]].}}}}
24,2,11,AAGGCCGCCUGCCGGGGCAGCACACCAUUAGUCGGUGACGGGGGGUGGUCUCUUCCCGACUCGGCUUGCGGCCAAAAAAUAUUUGUGAGACC,..((((((..(((((([[....((((..{<]].)))).((((.(..[[[[[[).))))}))))))..))))))...(....>.)..]]]]]]
25,2,12,AAGGCCGCCUGCCGGGGCAGCACACCAUUAGUCGGUGACGGGGGGUGGUCUCUUCCCGACUCGGCUUGCGGCCAAAAAAUAUUUGUGAGACC,..((((((..((((((.{.{{{(((({{.....)))).(((((((.[[[[.))))))).))))))..)))))).....}}...}}}}.]]]]
26,2,13,AAGGCCGCCUGCCGGGGCAGCACACCAUUAGUCGGUGACGGGGGGUGGUCUCUUCCCGACUCGGCUUGCGGCCAAAAAAUAUUUGUGAGACC,..((((((..((((((.{{.{{((((.....{.)))).(((((((.[[[[.))))))).))))))..))))))..}.......}}}}.]]]]
27,2,14,AAGGCCGCCUGCCGGGGCAGCACACCAUUAGUCGGUGACGGGGGGUGGUCUCUUCCCGACUCGGCUUGCGGCCAAAAAAUAUUUGUGAGACC,..((((((..((((((.{{.{{(((((....).))))..((((((.[[[[[))))))..))))))..))))))..........}}}}]]]]]
28,2,15,AAGGCCGCCUGCCGGGGCAGCACACCAUUAGUCGGUGACGGGGGGUGGUCUCUUCCCGACUCGGCUUGCGGCCAAAAAAUAUUUGUGAGACC,..((((((..(((((([[.{{{((((..{.]].)))).((((((..[[[[[[))))))}))))))..))))))(((...).))}}}]]]]]]
29,2,16,AAGGCCGCCUGCCGGGGCAGCACACCAUUAGUCGGUGACGGGGGGUGGUCUCUUCCCGACUCGGCUUGCGGCCAAAAAAUAUUUGUGAGACC,..((((((..(((((([[[{{{((((..].]].)))).((((((..[[[[[[))))))[))))))..))))))........].}}}]]]]]]
30,2,17,AAGGCCGCCUGCCGGGGCAGCACACCAUUAGUCGGUGACGGGGGGUGGUCUCUUCCCGACUCGGCUUGCGGCCAAAAAAUAUUUGUGAGACC,..((((((..((((((.{.{{{((((((..)).)))).(((((((.[[[[[))))))).))))))..)))))).(.......)}}}}]]]]]
31,2,18,AAGGCCGCCUGCCGGGGCAGCACACCAUUAGUCGGUGACGGGGGGUGGUCUCUUCCCGACUCGGCUUGCGGCCAAAAAAUAUUUGUGAGACC,..((((((..((((((.{.{{{((((((.).).)))).(((((((.[[[[[))))))).))))))..))))))..........}}}}]]]]]
32,2,19,AAGGCCGCCUGCCGGGGCAGCACACCAUUAGUCGGUGACGGGGGGUGGUCUCUUCCCGACUCGGCUUGCGGCCAAAAAAUAUUUGUGAGACC,..((((((..((((((.[[.[[((((.[[....)))).(((((((.{{{{.))))))).))))))..)))))).]](.....)]]]].}}}}
33,2,20,AAGGCCGCCUGCCGGGGCAGCACACCAUUAGUCGGUGACGGGGGGUGGUCUCUUCCCGACUCGGCUUGCGGCCAAAAAAUAUUUGUGAGACC,..((((((..((((.(.{{.{{(((((....).)))).(((((((.[[[[.))))))).).))))..))))))..........}}}}.]]]]
34,2,21,AAGGCCGCCUGCCGGGGCAGCACACCAUUAGUCGGUGACGGGGGGUGGUCUCUUCCCGACUCGGCUUGCGGCCAAAAAAUAUUUGUGAGACC,..((((((..((((((.{{.{{((((.......))))..((((((.[[[[.))))))..))))))..))))))..........}}}}.]]]]
35,2,22,AAGGCCGCCUGCCGGGGCAGCACACCAUUAGUCGGUGACGGGGGGUGGUCUCUUCCCGACUCGGCUUGCGGCCAAAAAAUAUUUGUGAGACC,.[((((((..((((((.{.{{{((((.{]..<.)))).(((((((.[[[[[))))))).))))))..))))))}...>.....}}}}]]]]]
36,2,23,AAGGCCGCCUGCCGGGGCAGCACACCAUUAGUCGGUGACGGGGGGUGGUCUCUUCCCGACUCGGCUUGCGGCCAAAAAAUAUUUGUGAGACC,..((((((..((((.([[{.{{(((((....).)))).((((((]][[[[[[))))))[).))))..)))))).........]}}}]]]]]]
37,2,24,AAGGCCGCCUGCCGGGGCAGCACACCAUUAGUCGGUGACGGGGGGUGGUCUCUUCCCGACUCGGCUUGCGGCCAAAAAAUAUUUGUGAGACC,..((((((..(((((([[.{{{(((((.{.])])))).((((((..[[[[[[))))))}))))))..))))))(.....)...}}}]]]]]]
38,2,25,AAGGCCGCCUGCCGGGGCAGCACACCAUUAGUCGGUGACGGGGGGUGGUCUCUUCCCGACUCGGCUUGCGGCCAAAAAAUAUUUGUGAGACC,..((((((..((((((.{{.{{((((.......)))).(((((((.[[[[.))))))).))))))..)))))).........}.}}}.]]]]
39,2,26,AAGGCCGCCUGCCGGGGCAGCACACCAUUAGUCGGUGACGGGGGGUGGUCUCUUCCCGACUCGGCUUGCGGCCAAAAAAUAUUUGUGAGACC,..((((((..((((((...{{{((((((..)).)))).(((((((.[[[[[))))))).))))))..)))))).(......).}}}.]]]]]
40,2,27,AAGGCCGCCUGCCGGGGCAGCACACCAUUAGUCGGUGACGGGGGGUGGUCUCUUCCCGACUCGGCUUGCGGCCAAAAAAUAUUUGUGAGACC,..(((((.(.(((((([[.{{{((((..{.]].)))).((((((..[[[[[[))))))}))))))[[)))))).]].......}}}]]]]]]
41,2,28,AAGGCCGCCUGCCGGGGCAGCACACCAUUAGUCGGUGACGGGGGGUGGUCUCUUCCCGACUCGGCUUGCGGCCAAAAAAUAUUUGUGAGACC,..((((((..((((((.{.{{{((((.{.....)))).(((((((.[[[[.))))))).))))))..))))))....}.....}}}}.]]]]
42,2,29,AAGGCCGCCUGCCGGGGCAGCACACCAUUAGUCGGUGACGGGGGGUGGUCUCUUCCCGACUCGGCUUGCGGCCAAAAAAUAUUUGUGAGACC,..((((((..((((((.{{{.{(((((....).)))).(((((((.[[[[[))))))).))))))..))))))......}..}}}..]]]]]
43,2,30,AAGGCCGCCUGCCGGGGCAGCACACCAUUAGUCGGUGACGGGGGGUGGUCUCUUCCCGACUCGGCUUGCGGCCAAAAAAUAUUUGUGAGACC,..((((((..((((((...{{{(((((({).).)))).(((((((.[[[[[))))))).))))))..)))))).....}....}}}.]]]]]
44,2,31,AAGGCCGCCUGCCGGGGCAGCACACCAUUAGUCGGUGACGGGGGGUGGUCUCUUCCCGACUCGGCUUGCGGCCAAAAAAUAUUUGUGAGACC,..((((((..((((((.{.{{{((((({{..).)))).(((((((.[[[[[))))))).))))))..))))))..}}......}}}}]]]]]
45,2,32,AAGGCCGCCUGCCGGGGCAGCACACCAUUAGUCGGUGACGGGGGGUGGUCUCUUCCCGACUCGGCUUGCGGCCAAAAAAUAUUUGUGAGACC,(.((((((..(((((([[.{{{((((.{..]].)))).((((((..[[[[[[))))))}))))))..))))))......)...}}}]]]]]]
46,2,33,AAGGCCGCCUGCCGGGGCAGCACACCAUUAGUCGGUGACGGGGGGUGGUCUCUUCCCGACUCGGCUUGCGGCCAAAAAAUAUUUGUGAGACC,..((((((..((((((.{.{{{(((((....).)))).(((((((.[[[[[))))))).))))))..))))))..........}}}}]]]]]
47,2,34,AAGGCCGCCUGCCGGGGCAGCACACCAUUAGUCGGUGACGGGGGGUGGUCUCUUCCCGACUCGGCUUGCGGCCAAAAAAUAUUUGUGAGACC,<.((((((.{((((((.[[.[[((((.[[....))))}.((((((.{{{{.))))))..)))))).>))))))..]]......]]]].}}}}
48,2,35,AAGGCCGCCUGCCGGGGCAGCACACCAUUAGUCGGUGACGGGGGGUGGUCUCUUCCCGACUCGGCUUGCGGCCAAAAAAUAUUUGUGAGACC,..((((((..((((((...{{{((((.{.....))))..((((((.[[[[.))))))..))))))..))))))...}......}}}..]]]]
49,2,36,AAGGCCGCCUGCCGGGGCAGCACACCAUUAGUCGGUGACGGGGGGUGGUCUCUUCCCGACUCGGCUUGCGGCCAAAAAAUAUUUGUGAGACC,..((((((..((((((...{{{((((({{..).)))).(((((((.[[[[[))))))).))))))..))))))..}}......}}}.]]]]]
50,2,37,AAGGCCGCCUGCCGGGGCAGCACACCAUUAGUCGGUGACGGGGGGUGGUCUCUUCCCGACUCGGCUUGCGGCCAAAAAAUAUUUGUGAGACC,..((((((..((((((.{.{{{((((.......)))).(((((((.[[[[[))))))).))))))..))))))..........}}}}]]]]]
51,2,38,AAGGCCGCCUGCCGGGGCAGCACACCAUUAGUCGGUGACGGGGGGUGGUCUCUUCCCGACUCGGCUUGCGGCCAAAAAAUAUUUGUGAGACC,..((((((..((((((...{{{(((({{{....)))).(((((((.[[[[[))))))).))))))..))))))...}.}}...}}}.]]]]]
52,2,39,AAGGCCGCCUGCCGGGGCAGCACACCAUUAGUCGGUGACGGGGGGUGGUCUCUUCCCGACUCGGCUUGCGGCCAAAAAAUAUUUGUGAGACC,..((((((..((((((.{{.{{((((.......)))).(((((((.[[[[[))))))).))))))..))))))...(.....)}}}}]]]]]
53,3,1,GAGGACGGUUGCGGGGCAGCACGCGAUAGCGACGGGUAAUAGGUCCGCCCGACCCGCCCGUCCAAAAACCAUUUGUGAGACC,..((((((..(((((.{{.{{(((....))).(((((....[[[[.))))).)))))))))))..........}}}}.]]]]
54,3,2,GAGGACGGUUGCGGGGCAGCACGCGAUAGCGACGGGUAAUAGGUCCGCCCGACCCGCCCGUCCAAAAACCAUUUGUGAGACC,<.((((((..(((((.{{.{{(((....))).(((((....[[[[.))))).))))))))))).(.(.>..))}}}}.]]]]
55,3,3,GAGGACGGUUGCGGGGCAGCACGCGAUAGCGACGGGUAAUAGGUCCGCCCGACCCGCCCGUCCAAAAACCAUUUGUGAGACC,..((((((.[((((.(..{{{(((...]))).(((((....[[[[[))))).)))))))))))..........}}}].]]]]
56,3,4,GAGGACGGUUGCGGGGCAGCACGCGAUAGCGACGGGUAAUAGGUCCGCCCGACCCGCCCGUCCAAAAACCAUUUGUGAGACC,..((((((..(((((.{.{{{(((....))).(((((....[[[[.))))).)))))))))))..........}}}}.]]]]
57,3,5,GAGGACGGUUGCGGGGCAGCACGCGAUAGCGACGGGUAAUAGGUCCGCCCGACCCGCCCGUCCAAAAACCAUUUGUGAGACC,<.((((((.<(((((...{{{(((....))).(((((....[[[[[)))))>)))))))))))(.(...>.))}}}].]]]]
58,3,6,GAGGACGGUUGCGGGGCAGCACGCGAUAGCGACGGGUAAUAGGUCCGCCCGACCCGCCCGUCCAAAAACCAUUUGUGAGACC,..((((((..(((((.{.{{{(((....))).(((((....[[[[.))))).)))))))))))..........}}}}.]]]]
59,3,7,GAGGACGGUUGCGGGGCAGCACGCGAUAGCGACGGGUAAUAGGUCCGCCCGACCCGCCCGUCCAAAAACCAUUUGUGAGACC,(.((((((..(((((.{.{{{(((....))).(((((....[[[[.))))).))))))))))).....)....}}}}.]]]]
60,3,8,GAGGACGGUUGCGGGGCAGCACGCGAUAGCGACGGGUAAUAGGUCCGCCCGACCCGCCCGUCCAAAAACCAUUUGUGAGACC,(.((((((..(((((...{{{(((....))).(((((....[[[[[)))))[))))))))))).....)..].}}}].]]]]
61,3,9,GAGGACGGUUGCGGGGCAGCACGCGAUAGCGACGGGUAAUAGGUCCGCCCGACCCGCCCGUCCAAAAACCAUUUGUGAGACC,.[((((((..(((((.{.{{{(((..].))).(((((....[[[[.)))))[))))))))))).........]}}}}.]]]]
62,3,10,GAGGACGGUUGCGGGGCAGCACGCGAUAGCGACGGGUAAUAGGUCCGCCCGACCCGCCCGUCCAAAAACCAUUUGUGAGACC,..((((((..(((((.{{.{{(((..{.))).(((((....[[[[.))))).)))))))))))....}.....}}}}.]]]]
63,3,11,GAGGACGGUUGCGGGGCAGCACGCGAUAGCGACGGGUAAUAGGUCCGCCCGACCCGCCCGUCCAAAAACCAUUUGUGAGACC,<.((((((..((((.(..{{{(((....))).(((((....[[[[[))))).)))))))))))(.(...>.))}}}].]]]]
64,3,12,GAGGACGGUUGCGGGGCAGCACGCGAUAGCGACGGGUAAUAGGUCCGCCCGACCCGCCCGUCCAAAAACCAUUUGUGAGACC,..((((((.<(((((.{.{{{(((....))){(((((....[[[[.))))).)))))))))))....>...}.}}}}.]]]]
65,3,13,GAGGACGGUUGCGGGGCAGCACGCGAUAGCGACGGGUAAUAGGUCCGCCCGACCCGCCCGUCCAAAAACCAUUUGUGAGACC,(.((((((..(((((.{.{{{(((....))).(((((....[[[[.))))).))))))))))).....)....}}}}.]]]]
66,3,14,GAGGACGGUUGCGGGGCAGCACGCGAUAGCGACGGGUAAUAGGUCCGCCCGACCCGCCCGUCCAAAAACCAUUUGUGAGACC,(.((((((..(((((...{{{(((..{.))).(((((....[[[[[)))))[)))))))))))....})..].}}}].]]]]
67,3,15,GAGGACGGUUGCGGGGCAGCACGCGAUAGCGACGGGUAAUAGGUCCGCCCGACCCGCCCGUCCAAAAACCAUUUGUGAGACC,..((((((..(((((.[[.[[(((....))).(((((....{{{{.))))).)))))))))))((......))]]]].}}}}
68,3,16,GAGGACGGUUGCGGGGCAGCACGCGAUAGCGACGGGUAAUAGGUCCGCCCGACCCGCCCGUCCAAAAACCAUUUGUGAGACC,..((((((..(((((.{{.{{(((....))).(((((....[[[[.))))).)))))))))))..(......)}}}}.]]]]
69,3,17,GAGGACGGUUGCGGGGCAGCACGCGAUAGCGACGGGUAAUAGGUCCGCCCGACCCGCCCGUCCAAAAACCAUUUGUGAGACC,(.((((((..(((((.{{.{{(((....))).(((((....[[[[.))))).))))))))))).....)....}}}}.]]]]
70,3,18,GAGGACGGUUGCGGGGCAGCACGCGAUAGCGACGGGUAAUAGGUCCGCCCGACCCGCCCGUCCAAAAACCAUUUGUGAGACC,.[.(((((...((((.{{.{{(((..].))).(((((....[[[[.)))))[)))).)))))..........]}}}}.]]]]
71,3,19,GAGGACGGUUGCGGGGCAGCACGCGAUAGCGACGGGUAAUAGGUCCGCCCGACCCGCCCGUCCAAAAACCAUUUGUGAGACC,..((((((..(((((.[[.[[(((....)))[(((((....{{{{.))))).)))))))))))........].]]]].}}}}
72,3,20,GAGGACGGUUGCGGGGCAGCACGCGAUAGCGACGGGUAAUAGGUCCGCCCGACCCGCCCGUCCAAAAACCAUUUGUGAGACC,<.((((((.<(((((...{{{(((....))).(((((....[[[[[)))))>)))))))))))...((>..))}}}].]]]]
73,3,21,GAGGACGGUUGCGGGGCAGCACGCGAUAGCGACGGGUAAUAGGUCCGCCCGACCCGCCCGUCCAAAAACCAUUUGUGAGACC,<.((((((..(((((...{{{(((....))).(((((....[[[[[))))).))))))))))).((..>..))}}}].]]]]
74,3,22,GAGGACGGUUGCGGGGCAGCACGCGAUAGCGACGGGUAAUAGGUCCGCCCGACCCGCCCGUCCAAAAACCAUUUGUGAGACC,..((((((..(((((.{.{{{(((....))).(((((....[[[[.))))).)))))))))))..........}}}}.]]]]
75,3,23,GAGGACGGUUGCGGGGCAGCACGCGAUAGCGACGGGUAAUAGGUCCGCCCGACCCGCCCGUCCAAAAACCAUUUGUGAGACC,(.((((((..(((((.{{.{{(((....))).(((((....[[[[.))))).))))))))))).....)....}}}}.]]]]
76,3,24,GAGGACGGUUGCGGGGCAGCACGCGAUAGCGACGGGUAAUAGGUCCGCCCGACCCGCCCGUCCAAAAACCAUUUGUGAGACC,..(((((([<(((((.{{.{{(((.].>))).(((((....[[[[.))))).)))))))))))..........}}}}.]]]]
77,3,25,GAGGACGGUUGCGGGGCAGCACGCGAUAGCGACGGGUAAUAGGUCCGCCCGACCCGCCCGUCCAAAAACCAUUUGUGAGACC,...(((((..(((((.{{.{{(((....))).(((((....[[[[.))))).))))))))))...........}}}}.]]]]
78,3,26,GAGGACGGUUGCGGGGCAGCACGCGAUAGCGACGGGUAAUAGGUCCGCCCGACCCGCCCGUCCAAAAACCAUUUGUGAGACC,(.((((((..(((((...{{{(((....))).(((((....[[[[.))))).))))))))))).....)....}}}..]]]]
79,3,27,GAGGACGGUUGCGGGGCAGCACGCGAUAGCGACGGGUAAUAGGUCCGCCCGACCCGCCCGUCCAAAAACCAUUUGUGAGACC,<.((((((..(((((.{.{{{(((....))).(((((....[[[[.))))).)))))))))))..((.>..))}}}}.]]]]
80,3,28,GAGGACGGUUGCGGGGCAGCACGCGAUAGCGACGGGUAAUAGGUCCGCCCGACCCGCCCGUCCAAAAACCAUUUGUGAGACC,..((((((..(((((.{.{{{(((....))).(((((....[[[[.))))).)))))))))))..........}}}}.]]]]
81,3,29,GAGGACGGUUGCGGGGCAGCACGCGAUAGCGACGGGUAAUAGGUCCGCCCGACCCGCCCGUCCAAAAACCAUUUGUGAGACC,..((((((..(((((...{{{(((....))).(((((....[[[[[))))).)))))))))))..........}}}].]]]]
82,3,30,GAGGACGGUUGCGGGGCAGCACGCGAUAGCGACGGGUAAUAGGUCCGCCCGACCCGCCCGUCCAAAAACCAUUUGUGAGACC,(.((((((..(((((...{{{(((....))).(((((....[[[[[)))))[))))))))))).....)..].}}}].]]]]
83,3,31,GAGGACGGUUGCGGGGCAGCACGCGAUAGCGACGGGUAAUAGGUCCGCCCGACCCGCCCGUCCAAAAACCAUUUGUGAGACC,(.((((((..(((((...{{{(((..{.))).(((((....[[[[[))))).))))))))))).}...)....}}}].]]]]
84,3,32,GAGGACGGUUGCGGGGCAGCACGCGAUAGCGACGGGUAAUAGGUCCGCCCGACCCGCCCGUCCAAAAACCAUUUGUGAGACC,...(((((.<(((((.{.{{{(((....))).(((((....[[[[.))))).))))))))))....>...(.)}}}}.]]]]
85,3,33,GAGGACGGUUGCGGGGCAGCACGCGAUAGCGACGGGUAAUAGGUCCGCCCGACCCGCCCGUCCAAAAACCAUUUGUGAGACC,..((((((..((((([[[[.[(((....))).(((((....{{{{{))))).)))))))))))........]]]]]}.}}}}
86,3,34,GAGGACGGUUGCGGGGCAGCACGCGAUAGCGACGGGUAAUAGGUCCGCCCGACCCGCCCGUCCAAAAACCAUUUGUGAGACC,(.((((((..(((((...{{{(((..{.))).(((((....[[[[[)))))[)))))))))))...}.)..].}}}].]]]]
87,3,35,GAGGACGGUUGCGGGGCAGCACGCGAUAGCGACGGGUAAUAGGUCCGCCCGACCCGCCCGUCCAAAAACCAUUUGUGAGACC,(.((((((..(((((.[[.[[(((....))).(((((....{{{{.))))).))))))))))).....)....]]]].}}}}
88,3,36,GAGGACGGUUGCGGGGCAGCACGCGAUAGCGACGGGUAAUAGGUCCGCCCGACCCGCCCGUCCAAAAACCAUUUGUGAGACC,..((((((..(((((.{{.{{(((....))).(((((....[[[[.))))).)))))))))))..........}}}}.]]]]
89,3,37,GAGGACGGUUGCGGGGCAGCACGCGAUAGCGACGGGUAAUAGGUCCGCCCGACCCGCCCGUCCAAAAACCAUUUGUGAGACC,.[((((((.].((((.{.{{{(((....))).(((((....[[[[.)))))[)))).))))))........].}}}}.]]]]
90,3,38,GAGGACGGUUGCGGGGCAGCACGCGAUAGCGACGGGUAAUAGGUCCGCCCGACCCGCCCGUCCAAAAACCAUUUGUGAGACC,..((((((.<(((((...{{{(((....))).(((((....[[[[[)))))>)))))))))))..........}}}].]]]]
91,3,39,GAGGACGGUUGCGGGGCAGCACGCGAUAGCGACGGGUAAUAGGUCCGCCCGACCCGCCCGUCCAAAAACCAUUUGUGAGACC,..((((((.<(((((...{{{(((.{{.))).(((((....[[[[[)))))>))))))))))).......}.}}}}].]]]]
92,3,40,GAGGACGGUUGCGGGGCAGCACGCGAUAGCGACGGGUAAUAGGUCCGCCCGACCCGCCCGUCCAAAAACCAUUUGUGAGACC,(.((((((.<(((((...{{{(((...{))).(((((....[[[[[)))))>))))))))))).[...)..]}}}}].]]]]
93,3,41,GAGGACGGUUGCGGGGCAGCACGCGAUAGCGACGGGUAAUAGGUCCGCCCGACCCGCCCGUCCAAAAACCAUUUGUGAGACC,<.((((((..(((((.[[.[[(((....))).(((((....{{{{.))))).)))))))))))..((.>..))]]]].}}}}
94,3,42,GAGGACGGUUGCGGGGCAGCACGCGAUAGCGACGGGUAAUAGGUCCGCCCGACCCGCCCGUCCAAAAACCAUUUGUGAGACC,(.(((((([.(((((...{{{(((.]..))).(((((....[[[[[))))).))))))))))).....)....}}}].]]]]
95,3,43,GAGGACGGUUGCGGGGCAGCACGCGAUAGCGACGGGUAAUAGGUCCGCCCGACCCGCCCGUCCAAAAACCAUUUGUGAGACC,<.((((((..(((((...{{{(((....))).(((((....[[[[[))))).)))))))))))...((>..))}}}].]]]]
96,3,44,GAGGACGGUUGCGGGGCAGCACGCGAUAGCGACGGGUAAUAGGUCCGCCCGACCCGCCCGUCCAAAAACCAUUUGUGAGACC,..(((((([.((((.(..{{{(((.]..))).(((((....[[[[[))))).)))))))))))..........}}}].]]]]
97,3,45,GAGGACGGUUGCGGGGCAGCACGCGAUAGCGACGGGUAAUAGGUCCGCCCGACCCGCCCGUCCAAAAACCAUUUGUGAGACC,<.((((((..((((.(..{{.(((....))).(((((....[[[[[))))).))))))))))).((...>.)).}}].]]]]
98,3,46,GAGGACGGUUGCGGGGCAGCACGCGAUAGCGACGGGUAAUAGGUCCGCCCGACCCGCCCGUCCAAAAACCAUUUGUGAGACC,(.((((((..(((((.{.{{{(((....))).(((((....[[[[.))))).))))))))))).....)....}}}}.]]]]
99,3,47,GAGGACGGUUGCGGGGCAGCACGCGAUAGCGACGGGUAAUAGGUCCGCCCGACCCGCCCGUCCAAAAACCAUUUGUGAGACC,..((((((...((((.[[.[[(((....)))[(((((....{{{{.))))).)))).))))))...(....])]]]].}}}}
100,3,48,GAGGACGGUUGCGGGGCAGCACGCGAUAGCGACGGGUAAUAGGUCCGCCCGACCCGCCCGUCCAAAAACCAUUUGUGAGACC,..((((((..(((((.(.{{{(((....)))..((((....[[[[.))))).)))))))))))..........}}}..]]]]
101,3,49,GAGGACGGUUGCGGGGCAGCACGCGAUAGCGACGGGUAAUAGGUCCGCCCGACCCGCCCGUCCAAAAACCAUUUGUGAGACC,..((((((..(((((.{{.{{(((.{..))).(((((....[[[[.))))).)))))))))))........}.}}}}.]]]]
102,4,1,AAGGGGCCUCCAUGGGCAGCACGCUGAAGACGAGCGACGGGUUGGGUCAGCAGCCCGACCAUGCUGGCCCCAAAAACCAUUUGUGAGACC,..((((((..(((((.{.{{{(((((....).)))).((((((([[[[.[))))))).)))))..)))))).....]....}}}}.]]]]
103,4,2,AAGGGGCCUCCAUGGGCAGCACGCUGAAGACGAGCGACGGGUUGGGUCAGCAGCCCGACCAUGCUGGCCCCAAAAACCAUUUGUGAGACC,..((((((..(((((.{{.{{(((((....).)))).((((((([[[[..))))))).)))))..))))))..........}}}}.]]]]
104,4,3,AAGGGGCCUCCAUGGGCAGCACGCUGAAGACGAGCGACGGGUUGGGUCAGCAGCCCGACCAUGCUGGCCCCAAAAACCAUUUGUGAGACC,..((((((..(((((.{.{{{(((((....).)))).((((((([[[[..))))))).)))))..))))))..........}}}}.]]]]
105,4,4,AAGGGGCCUCCAUGGGCAGCACGCUGAAGACGAGCGACGGGUUGGGUCAGCAGCCCGACCAUGCUGGCCCCAAAAACCAUUUGUGAGACC,(.((((((..(((((<{.{{{(((((....).)))).((((((([[[[..))))))).)))))..)))))).....>...)}}}}.]]]]
106,4,5,AAGGGGCCUCCAUGGGCAGCACGCUGAAGACGAGCGACGGGUUGGGUCAGCAGCCCGACCAUGCUGGCCCCAAAAACCAUUUGUGAGACC,..((((((..(((((....[[((((.......)))).((((.((((((..)).)))).)))))..))))))..........]]...))))
107,4,6,AAGGGGCCUCCAUGGGCAGCACGCUGAAGACGAGCGACGGGUUGGGUCAGCAGCCCGACCAUGCUGGCCCCAAAAACCAUUUGUGAGACC,..((((((..(((((...{{{(((((...{).)))).((((.(([[[[..)).))))[)))))..))))))........]}}}}..]]]]
108,4,7,AAGGGGCCUCCAUGGGCAGCACGCUGAAGACGAGCGACGGGUUGGGUCAGCAGCCCGACCAUGCUGGCCCCAAAAACCAUUUGUGAGACC,..((((((..(((((.{.{{{(((((....).)))).((((((([[[[..))))))).)))))..))))))..........}}}}.]]]]
109,4,8,AAGGGGCCUCCAUGGGCAGCACGCUGAAGACGAGCGACGGGUUGGGUCAGCAGCCCGACCAUGCUGGCCCCAAAAACCAUUUGUGAGACC,..((((((..(((((..{.{{(((((....).)))).((((((([[[[..))))))).)))))..))))))..........}}}..]]]]
110,4,9,AAGGGGCCUCCAUGGGCAGCACGCUGAAGACGAGCGACGGGUUGGGUCAGCAGCCCGACCAUGCUGGCCCCAAAAACCAUUUGUGAGACC,..((((((..(((((.{{.{{(((((....).)))).((((((([[[[..))))))).)))))..))))))..........}}}}.]]]]
111,4,10,AAGGGGCCUCCAUGGGCAGCACGCUGAAGACGAGCGACGGGUUGGGUCAGCAGCCCGACCAUGCUGGCCCCAAAAACCAUUUGUGAGACC,..((((((..(((((.{.{{{(((((....).)))).((((((([[[[..))))))).)))))..))))))..........}}}}.]]]]
112,4,11,AAGGGGCCUCCAUGGGCAGCACGCUGAAGACGAGCGACGGGUUGGGUCAGCAGCCCGACCAUGCUGGCCCCAAAAACCAUUUGUGAGACC,..((((((..(((((.{.{{{(((((....).)))).((((((([[[[..)))))))[)))))..))))))........].}}}}.]]]]
113,4,12,AAGGGGCCUCCAUGGGCAGCACGCUGAAGACGAGCGACGGGUUGGGUCAGCAGCCCGACCAUGCUGGCCCCAAAAACCAUUUGUGAGACC,..((((((..(((((.{{.{{(((((....).)))).((((((([[[[.[))))))).)))))..)))))).....]....}}}}.]]]]
114,4,12,AAGGGGCCUCCAUGGGCAGCACGCUGAAGACGAGCGACGGGUUGGGUCAGCAGCCCGACCAUGCUGGCCCCAAAAACCAUUUGUGAGACC,..((((((..(((((......(((((....).)))).(((((((......))))))).)))))..))))))...................
115,4,12,AAGGGGCCUCCAUGGGCAGCACGCUGAAGACGAGCGACGGGUUGGGUCAGCAGCCCGACCAUGCUGGCCCCAAAAACCAUUUGUGAGACC,..................(((............................................................)))......
116,4,12,AAGGGGCCUCCAUGGGCAGCACGCUGAAGACGAGCGACGGGUUGGGUCAGCAGCCCGACCAUGCUGGCCCCAAAAACCAUUUGUGAGACC,............................................((((......................................))))
117,4,14,AAGGGGCCUCCAUGGGCAGCACGCUGAAGACGAGCGACGGGUUGGGUCAGCAGCCCGACCAUGCUGGCCCCAAAAACCAUUUGUGAGACC,..((((((..(((((.{{.{{(((((....).)))).((((((([[[[..))))))).)))))..))))))..........}}}}.]]]]
118,4,15,AAGGGGCCUCCAUGGGCAGCACGCUGAAGACGAGCGACGGGUUGGGUCAGCAGCCCGACCAUGCUGGCCCCAAAAACCAUUUGUGAGACC,..((((((..(((((.{.{{{(((((....).)))).((((((([[[[..)))))))[)))))..)))))).........]}}}}.]]]]
119,4,16,AAGGGGCCUCCAUGGGCAGCACGCUGAAGACGAGCGACGGGUUGGGUCAGCAGCCCGACCAUGCUGGCCCCAAAAACCAUUUGUGAGACC,..((((((..(((((.{.{{{(((((....).)))).((((((([[[[..))))))).)))))..)))))).((.....))}}}}.]]]]
120,4,17,AAGGGGCCUCCAUGGGCAGCACGCUGAAGACGAGCGACGGGUUGGGUCAGCAGCCCGACCAUGCUGGCCCCAAAAACCAUUUGUGAGACC,..((((((..(((((...[[[((((([[[.).)))).((((((({{{{..))))))).)))))..))))))......].]]]]]..}}}}
121,4,18,AAGGGGCCUCCAUGGGCAGCACGCUGAAGACGAGCGACGGGUUGGGUCAGCAGCCCGACCAUGCUGGCCCCAAAAACCAUUUGUGAGACC,..((((((..(((((..[([[(((((....)[)))).)((((((((((..))))))..)))))..))))))......]...]]]..))))
122,4,19,AAGGGGCCUCCAUGGGCAGCACGCUGAAGACGAGCGACGGGUUGGGUCAGCAGCCCGACCAUGCUGGCCCCAAAAACCAUUUGUGAGACC,..((((((..(((((...[[[(((((....).)))).((((((({{{{..))))))).)))))..))))))..........]]]..}}}}
123,4,20,AAGGGGCCUCCAUGGGCAGCACGCUGAAGACGAGCGACGGGUUGGGUCAGCAGCCCGACCAUGCUGGCCCCAAAAACCAUUUGUGAGACC,..((((((..(((((.{.{{{(((((....).)))).((((((([[[[.[))))))).)))))..))))))......]...}}}}.]]]]
124,4,21,AAGGGGCCUCCAUGGGCAGCACGCUGAAGACGAGCGACGGGUUGGGUCAGCAGCCCGACCAUGCUGGCCCCAAAAACCAUUUGUGAGACC,..((((((..(((((.{.{{{(((((....).)))).((((((([[[[..))))))).)))))..))))))..........}}}}.]]]]
125,4,22,AAGGGGCCUCCAUGGGCAGCACGCUGAAGACGAGCGACGGGUUGGGUCAGCAGCCCGACCAUGCUGGCCCCAAAAACCAUUUGUGAGACC,..((((((..(((((.[[.[[(((((....).)))).((((((({{{{.[))))))).)))))..)))))).....]....]]]].}}}}
126,4,23,AAGGGGCCUCCAUGGGCAGCACGCUGAAGACGAGCGACGGGUUGGGUCAGCAGCCCGACCAUGCUGGCCCCAAAAACCAUUUGUGAGACC,..((((((..(((((.{{.{{(((((....).)))).((((((([[[[..))))))).)))))..)))))).........}.}}}.]]]]
127,4,24,AAGGGGCCUCCAUGGGCAGCACGCUGAAGACGAGCGACGGGUUGGGUCAGCAGCCCGACCAUGCUGGCCCCAAAAACCAUUUGUGAGACC,..((((((..(((((.{{.{.(((((....).)))).((((((([[[[..))))))).)))))..)))))).......(..)}}}.]]]]
128,4,25,AAGGGGCCUCCAUGGGCAGCACGCUGAAGACGAGCGACGGGUUGGGUCAGCAGCCCGACCAUGCUGGCCCCAAAAACCAUUUGUGAGACC,<.((((((..(((((.{{.{{(((((....).)))).((((((([[[[..))))))).))))).>))))))...(.....)}}}}.]]]]
129,4,26,AAGGGGCCUCCAUGGGCAGCACGCUGAAGACGAGCGACGGGUUGGGUCAGCAGCCCGACCAUGCUGGCCCCAAAAACCAUUUGUGAGACC,..((((((..(((((...{{{(((((....).)))).((((((([[[[..))))))).)))))..)))))).........}.}}..]]]]
130,4,27,AAGGGGCCUCCAUGGGCAGCACGCUGAAGACGAGCGACGGGUUGGGUCAGCAGCCCGACCAUGCUGGCCCCAAAAACCAUUUGUGAGACC,..((((((..(((((.{{.{{(((((....).)))).((((.(([[[[..)).)))).)))))..))))))..........}}}}.]]]]
131,4,28,AAGGGGCCUCCAUGGGCAGCACGCUGAAGACGAGCGACGGGUUGGGUCAGCAGCCCGACCAUGCUGGCCCCAAAAACCAUUUGUGAGACC,..((((((..(((((.{.{{{(((((....).)))).((((.(([[[[..)).)))).)))))..))))))...((...))}}}}.]]]]
132,4,29,AAGGGGCCUCCAUGGGCAGCACGCUGAAGACGAGCGACGGGUUGGGUCAGCAGCCCGACCAUGCUGGCCCCAAAAACCAUUUGUGAGACC,..((((((..(((((....{{(((((....).)))).((((((([[[[..))))))).)))))..))))))((......))}}...]]]]
133,4,29,AAGGGGCCUCCAUGGGCAGCACGCUGAAGACGAGCGACGGGUUGGGUCAGCAGCCCGACCAUGCUGGCCCCAAAAACCAUUUGUGAGACC,..((((((..(((((......(((((....).)))).(((((((......))))))).)))))..))))))...................
134,4,29,AAGGGGCCUCCAUGGGCAGCACGCUGAAGACGAGCGACGGGUUGGGUCAGCAGCCCGACCAUGCUGGCCCCAAAAACCAUUUGUGAGACC,................((.((........(..................................)................)))).....
135,4,29,AAGGGGCCUCCAUGGGCAGCACGCUGAAGACGAGCGACGGGUUGGGUCAGCAGCCCGACCAUGCUGGCCCCAAAAACCAUUUGUGAGACC,..................(......................................(......................)..)......
136,4,31,AAGGGGCCUCCAUGGGCAGCACGCUGAAGACGAGCGACGGGUUGGGUCAGCAGCCCGACCAUGCUGGCCCCAAAAACCAUUUGUGAGACC,..((((((..(((((.{{.{{(((((....).)))).((((((([[[[..))))))).)))))..))))))..........}}}}.]]]]
137,4,32,AAGGGGCCUCCAUGGGCAGCACGCUGAAGACGAGCGACGGGUUGGGUCAGCAGCCCGACCAUGCUGGCCCCAAAAACCAUUUGUGAGACC,..((((((..(((((.{.{{{(((((....).)))).((((((([[[[.[))))))).)))))..))))))......]...}}}}.]]]]
138,4,33,AAGGGGCCUCCAUGGGCAGCACGCUGAAGACGAGCGACGGGUUGGGUCAGCAGCCCGACCAUGCUGGCCCCAAAAACCAUUUGUGAGACC,..((((((..(((((.{.{{{(((((....).)))).((((((([[[[..)))))))[)))))..))))))........].}}}}.]]]]
139,4,34,AAGGGGCCUCCAUGGGCAGCACGCUGAAGACGAGCGACGGGUUGGGUCAGCAGCCCGACCAUGCUGGCCCCAAAAACCAUUUGUGAGACC,..((((((..(((((.{.{{{(((((....).)))).((((((([[[[..)))))))[)))))..))))))........].}}}}.]]]]
140,4,35,AAGGGGCCUCCAUGGGCAGCACGCUGAAGACGAGCGACGGGUUGGGUCAGCAGCCCGACCAUGCUGGCCCCAAAAACCAUUUGUGAGACC,..((((((..(((((..{.{{(((((....).))))..(((.(([[[[..)).))).[)))))..)))))).........]}}}..]]]]
141,4,35,AAGGGGCCUCCAUGGGCAGCACGCUGAAGACGAGCGACGGGUUGGGUCAGCAGCCCGACCAUGCUGGCCCCAAAAACCAUUUGUGAGACC,(.......).(((((......(((((....).)))).(((((((......))))))).)))))...........................
142,4,35,AAGGGGCCUCCAUGGGCAGCACGCUGAAGACGAGCGACGGGUUGGGUCAGCAGCCCGACCAUGCUGGCCCCAAAAACCAUUUGUGAGACC,..((((((...................((..................................))))))))...................
143,4,35,AAGGGGCCUCCAUGGGCAGCACGCUGAAGACGAGCGACGGGUUGGGUCAGCAGCCCGACCAUGCUGGCCCCAAAAACCAUUUGUGAGACC,..................(((............................................................)))......
144,4,37,AAGGGGCCUCCAUGGGCAGCACGCUGAAGACGAGCGACGGGUUGGGUCAGCAGCCCGACCAUGCUGGCCCCAAAAACCAUUUGUGAGACC,..((((((..(((((.{{.{{(((((....).)))).((((((([[[[..))))))).)))))..))))))..........}}}}.]]]]
145,4,38,AAGGGGCCUCCAUGGGCAGCACGCUGAAGACGAGCGACGGGUUGGGUCAGCAGCCCGACCAUGCUGGCCCCAAAAACCAUUUGUGAGACC,..((((((..(((((.[[.[[(((((....).)))).((((((({{{{..))))))).)))))..))))))..........]]]].}}}}
146,4,39,AAGGGGCCUCCAUGGGCAGCACGCUGAAGACGAGCGACGGGUUGGGUCAGCAGCCCGACCAUGCUGGCCCCAAAAACCAUUUGUGAGACC,..((((((..(((((.{{.{{(((((....).)))).((((((([[[[..))))))).)))))..))))))..........}}}}.]]]]
147,4,40,AAGGGGCCUCCAUGGGCAGCACGCUGAAGACGAGCGACGGGUUGGGUCAGCAGCCCGACCAUGCUGGCCCCAAAAACCAUUUGUGAGACC,..((((((..(((((.{.{{{(((((....).)))).((((((([[[[..))))))).)))))..))))))..........}}}}.]]]]
148,4,41,AAGGGGCCUCCAUGGGCAGCACGCUGAAGACGAGCGACGGGUUGGGUCAGCAGCCCGACCAUGCUGGCCCCAAAAACCAUUUGUGAGACC,..((((((..(((((.{.{{{(((((....).)))).((((.(([[[[.[)).)))).)))))..))))))...((]..))}}}}.]]]]
149,4,42,AAGGGGCCUCCAUGGGCAGCACGCUGAAGACGAGCGACGGGUUGGGUCAGCAGCCCGACCAUGCUGGCCCCAAAAACCAUUUGUGAGACC,..((((((..(((((.{{.{{(((((....).)))).((((((([[[[..))))))).)))))..))))))..........}}}}.]]]]
150,4,43,AAGGGGCCUCCAUGGGCAGCACGCUGAAGACGAGCGACGGGUUGGGUCAGCAGCCCGACCAUGCUGGCCCCAAAAACCAUUUGUGAGACC,..((((((..(((((.{{.{{(((((....).)))).((((((([[[[..))))))).)))))..))))))..........}}}}.]]]]
151,4,44,AAGGGGCCUCCAUGGGCAGCACGCUGAAGACGAGCGACGGGUUGGGUCAGCAGCCCGACCAUGCUGGCCCCAAAAACCAUUUGUGAGACC,..((((((..(((((.{..{{(((((....).)))){((((((([[[[..))))))).)))))..)))))).........}}}.}.]]]]
152,4,45,AAGGGGCCUCCAUGGGCAGCACGCUGAAGACGAGCGACGGGUUGGGUCAGCAGCCCGACCAUGCUGGCCCCAAAAACCAUUUGUGAGACC,..((((((..(((((.{{.{{(((((....).)))).((((((([[[[..))))))).)))))..))))))((......))}}}}.]]]]
153,4,46,AAGGGGCCUCCAUGGGCAGCACGCUGAAGACGAGCGACGGGUUGGGUCAGCAGCCCGACCAUGCUGGCCCCAAAAACCAUUUGUGAGACC,..((((((..(((((.{.{{{(((((....).)))).((((((([[[[..)))))))[)))))..))))))........].}}}}.]]]]
154,4,47,AAGGGGCCUCCAUGGGCAGCACGCUGAAGACGAGCGACGGGUUGGGUCAGCAGCCCGACCAUGCUGGCCCCAAAAACCAUUUGUGAGACC,..((((((..(((((.{{.{{(((((....).)))).((((((([[[[..)))))))[)))))..))))))........].}}}}.]]]]
155,4,48,AAGGGGCCUCCAUGGGCAGCACGCUGAAGACGAGCGACGGGUUGGGUCAGCAGCCCGACCAUGCUGGCCCCAAAAACCAUUUGUGAGACC,..((((((..(((((.{{.{{(((((....).)))).((((((([[[[..)))))))[)))))..))))))........].}}}}.]]]]
156,4,49,AAGGGGCCUCCAUGGGCAGCACGCUGAAGACGAGCGACGGGUUGGGUCAGCAGCCCGACCAUGCUGGCCCCAAAAACCAUUUGUGAGACC,..((((((..(((((...[[[(((((....).)))).((((((({{{{..))))))).)))))..))))))..........]]]..}}}}
157,4,50,AAGGGGCCUCCAUGGGCAGCACGCUGAAGACGAGCGACGGGUUGGGUCAGCAGCCCGACCAUGCUGGCCCCAAAAACCAUUUGUGAGACC,..((((((..(((((.{.{{{(((((....).)))).((((((([[[[..))))))).)))))..))))))..........}}}}.]]]]
158,4,51,AAGGGGCCUCCAUGGGCAGCACGCUGAAGACGAGCGACGGGUUGGGUCAGCAGCCCGACCAUGCUGGCCCCAAAAACCAUUUGUGAGACC,..((((((..(((((.[[.[[(((((....).)))).((((((({{{{.[))))))).)))))..)))))).....]....]]]].}}}}
159,4,52,AAGGGGCCUCCAUGGGCAGCACGCUGAAGACGAGCGACGGGUUGGGUCAGCAGCCCGACCAUGCUGGCCCCAAAAACCAUUUGUGAGACC,..((((((..(((((.[.[[[(((((....).)))).((((((({{{{[[))))))).)))))..))))))....(.].])]]]].}}}}
160,4,53,AAGGGGCCUCCAUGGGCAGCACGCUGAAGACGAGCGACGGGUUGGGUCAGCAGCCCGACCAUGCUGGCCCCAAAAACCAUUUGUGAGACC,..((((((..(((((...{{{(((((....).)))).((((((([[[[..))))))).)))))..))))))..........}}}..]]]]
161,4,54,AAGGGGCCUCCAUGGGCAGCACGCUGAAGACGAGCGACGGGUUGGGUCAGCAGCCCGACCAUGCUGGCCCCAAAAACCAUUUGUGAGACC,..((((((..((((.({.{{{(((((....).)))).((((((([[[[..))))))).)))))..))))))..........}}}}.]]]]
162,4,55,AAGGGGCCUCCAUGGGCAGCACGCUGAAGACGAGCGACGGGUUGGGUCAGCAGCCCGACCAUGCUGGCCCCAAAAACCAUUUGUGAGACC,..((((((..(((((....{{(((((....).)))).((((((([[[[..))))))).)))))..))))))..........}}...]]]]
163,4,56,AAGGGGCCUCCAUGGGCAGCACGCUGAAGACGAGCGACGGGUUGGGUCAGCAGCCCGACCAUGCUGGCCCCAAAAACCAUUUGUGAGACC,..((((((..(((((...{{{(((((....).)))).((((((([[[[..))))))).)))))..)))))).........}.}}..]]]]
164,4,57,AAGGGGCCUCCAUGGGCAGCACGCUGAAGACGAGCGACGGGUUGGGUCAGCAGCCCGACCAUGCUGGCCCCAAAAACCAUUUGUGAGACC,..((((((..(((((.{.{{{(((((....).)))).((((((([[[[..))))))).)))))..))))))((......))}}}}.]]]]
165,4,58,AAGGGGCCUCCAUGGGCAGCACGCUGAAGACGAGCGACGGGUUGGGUCAGCAGCCCGACCAUGCUGGCCCCAAAAACCAUUUGUGAGACC,..((((((..(((((.{.{{{(((((....).)))).((((((([[[[..))))))).)))))..))))))..........}}}}.]]]]
166,4,59,AAGGGGCCUCCAUGGGCAGCACGCUGAAGACGAGCGACGGGUUGGGUCAGCAGCCCGACCAUGCUGGCCCCAAAAACCAUUUGUGAGACC,..((((((..(((((.{{.{{(((((....).)))).((((((([[[[..))))))).)))))..))))))..........}}}}.]]]]
167,4,60,AAGGGGCCUCCAUGGGCAGCACGCUGAAGACGAGCGACGGGUUGGGUCAGCAGCCCGACCAUGCUGGCCCCAAAAACCAUUUGUGAGACC,..((((((..(((((.{{.{{(((((....).)))).((((((([[[[..))))))).)))))..))))))..........}}}}.]]]]
168,4,61,AAGGGGCCUCCAUGGGCAGCACGCUGAAGACGAGCGACGGGUUGGGUCAGCAGCCCGACCAUGCUGGCCCCAAAAACCAUUUGUGAGACC,..((((((..(((((.{{.{{(((((....).)))).((((((([[[[..))))))).)))))..))))))..........}}}}.]]]]
169,4,62,AAGGGGCCUCCAUGGGCAGCACGCUGAAGACGAGCGACGGGUUGGGUCAGCAGCCCGACCAUGCUGGCCCCAAAAACCAUUUGUGAGACC,..((((((..(((((.{.{{{(((((....).)))).((((((([[[[..))))))).)))))..)))))).........}.}}}.]]]]
170,4,63,AAGGGGCCUCCAUGGGCAGCACGCUGAAGACGAGCGACGGGUUGGGUCAGCAGCCCGACCAUGCUGGCCCCAAAAACCAUUUGUGAGACC,..((((((..(((((.{.{{{(((((....).)))).((((((([[[[..))))))).)))))..))))))..........}}}}.]]]]
171,4,64,AAGGGGCCUCCAUGGGCAGCACGCUGAAGACGAGCGACGGGUUGGGUCAGCAGCCCGACCAUGCUGGCCCCAAAAACCAUUUGUGAGACC,..((((((..(((((.{.{{{(((((....).)))).((((.(([[[[..)).)))).)))))..))))))..........}}}}.]]]]
172,4,65,AAGGGGCCUCCAUGGGCAGCACGCUGAAGACGAGCGACGGGUUGGGUCAGCAGCCCGACCAUGCUGGCCCCAAAAACCAUUUGUGAGACC,..((((((..(((((...[[[(((((..[.).)))).((((((({{{{..))))))).)))))..)))))).....]....]]]..}}}}
173,4,66,AAGGGGCCUCCAUGGGCAGCACGCUGAAGACGAGCGACGGGUUGGGUCAGCAGCCCGACCAUGCUGGCCCCAAAAACCAUUUGUGAGACC,..((((((..(((((.{{.{{(((((....).)))).((((((([[[[..))))))).)))))..))))))..........}}}}.]]]]
174,5,1,AAGCACGGUAGGCCGCGGCAGCACACAGACCCUGUGACGGGUGAAGGUCAGCACCCGACGCGGCCCCGUGCAAUUGAGAUUUUGUGAGACC,((((((((..(((((((.[[.[[((((.....)))).((((((..{{{{..)))))).)))))))))))))..)).......]]]].}}}}
175,5,2,AAGCACGGUAGGCCGCGGCAGCACACAGACCCUGUGACGGGUGAAGGUCAGCACCCGACGCGGCCCCGUGCAAUUGAGAUUUUGUGAGACC,((((((((..(((((((.{.{{{((((.....)))).((((((..[[[[..)))))).)))))))))))))..)).......}}}}.]]]]
176,5,3,AAGCACGGUAGGCCGCGGCAGCACACAGACCCUGUGACGGGUGAAGGUCAGCACCCGACGCGGCCCCGUGCAAUUGAGAUUUUGUGAGACC,<.((((((..(((((((.{.{{{(((((...))))).((((((..[[[[..)))))).)))))))))))))(((>...))).}}}}.]]]]
177,5,4,AAGCACGGUAGGCCGCGGCAGCACACAGACCCUGUGACGGGUGAAGGUCAGCACCCGACGCGGCCCCGUGCAAUUGAGAUUUUGUGAGACC,..(((((([.(((((((...{{{(((((]..))))).((((((..[[[[..)))))).)))))))))))))((((.).))).}}}..]]]]
178,5,5,AAGCACGGUAGGCCGCGGCAGCACACAGACCCUGUGACGGGUGAAGGUCAGCACCCGACGCGGCCCCGUGCAAUUGAGAUUUUGUGAGACC,<.((((((..(((((((.[[.[[(((((...))))).((((((..{{{{..)))))).)))))))))))))(((>...))).]]]].}}}}
179,5,6,AAGCACGGUAGGCCGCGGCAGCACACAGACCCUGUGACGGGUGAAGGUCAGCACCCGACGCGGCCCCGUGCAAUUGAGAUUUUGUGAGACC,((((((((..((((((.[..{{{(((((..]))))).((((((..[[[[..))))))[[))))))))))))..))..].]..}}}..]]]]
180,5,7,AAGCACGGUAGGCCGCGGCAGCACACAGACCCUGUGACGGGUGAAGGUCAGCACCCGACGCGGCCCCGUGCAAUUGAGAUUUUGUGAGACC,((((((((..(((((((.{.{{{(((((...))))).((((((..[[[[..)))))).)))))))))))))..)).......}}}}.]]]]
181,5,8,AAGCACGGUAGGCCGCGGCAGCACACAGACCCUGUGACGGGUGAAGGUCAGCACCCGACGCGGCCCCGUGCAAUUGAGAUUUUGUGAGACC,((((((((..(((((((.{.{{{(((((...))))).((((((..[[[[..)))))).)))))))))))))[[))....]].}}}}.]]]]
182,5,9,AAGCACGGUAGGCCGCGGCAGCACACAGACCCUGUGACGGGUGAAGGUCAGCACCCGACGCGGCCCCGUGCAAUUGAGAUUUUGUGAGACC,((((((((..(((((((....{.((((.{.{{)))).((((((<<[[[[..)))))).)))))))))))))..))}.}.}.>>}...]]]]
183,5,10,AAGCACGGUAGGCCGCGGCAGCACACAGACCCUGUGACGGGUGAAGGUCAGCACCCGACGCGGCCCCGUGCAAUUGAGAUUUUGUGAGACC,..((((((..(((((((.{.{{{(((((...))))).((((((..[[[[..)))))).)))))))))))))(((....))).}}}}.]]]]
184,5,11,AAGCACGGUAGGCCGCGGCAGCACACAGACCCUGUGACGGGUGAAGGUCAGCACCCGACGCGGCCCCGUGCAAUUGAGAUUUUGUGAGACC,<.((((((..(((((((.{.{{{(((((...))))).((((((..[[[[..)))))).)))))))))))))(((>...))).}}}}.]]]]
185,5,12,AAGCACGGUAGGCCGCGGCAGCACACAGACCCUGUGACGGGUGAAGGUCAGCACCCGACGCGGCCCCGUGCAAUUGAGAUUUUGUGAGACC,.<((((((..(((((((.{.{{{(((((...))))).((((((..[[[[..)))))).)))))))))))))(((>...))).}}}}.]]]]
186,5,13,AAGCACGGUAGGCCGCGGCAGCACACAGACCCUGUGACGGGUGAAGGUCAGCACCCGACGCGGCCCCGUGCAAUUGAGAUUUUGUGAGACC,((((((((..(((((((.{{.{{(((((...))))).((((((..[[[[..)))))).)))))))))))))[.))....]..}}}}.]]]]
187,5,14,AAGCACGGUAGGCCGCGGCAGCACACAGACCCUGUGACGGGUGAAGGUCAGCACCCGACGCGGCCCCGUGCAAUUGAGAUUUUGUGAGACC,((((((((..(((((((.{{.{{((((.....)))).((((((..[[[[..)))))).)))))))))))))..)).......}}}}.]]]]
188,5,15,AAGCACGGUAGGCCGCGGCAGCACACAGACCCUGUGACGGGUGAAGGUCAGCACCCGACGCGGCCCCGUGCAAUUGAGAUUUUGUGAGACC,((((((((..(((((((.{.{{{((((.....)))).((((((..[[[[..)))))).)))))))))))))..)).......}}}}.]]]]
189,5,16,AAGCACGGUAGGCCGCGGCAGCACACAGACCCUGUGACGGGUGAAGGUCAGCACCCGACGCGGCCCCGUGCAAUUGAGAUUUUGUGAGACC,..((((((..(((((((.{.{{{(((((...))))).((((((..[[[[..)))))).)))))))))))))(((....))).}}}}.]]]]
190,6,1,AAGCCUGGCUGCGGUGGGCAGCACGCGAACACCGAGCGACGGGGACUAGGUCCGUCCCCGACCACCGCCCAGGCAGUAAAUUUUGUGAGACC,(.((((((..(((((((.{.{{{((((.....)..))).(((((((..[[[[.))))))).)))))))))))))..)......}}}}.]]]]
191,6,2,AAGCCUGGCUGCGGUGGGCAGCACGCGAACACCGAGCGACGGGGACUAGGUCCGUCCCCGACCACCGCCCAGGCAGUAAAUUUUGUGAGACC,..((((((..((((((([..{{{((((....])..))).(((((((..[[[[[))))))).)))))))))))))(.....)..}}}].]]]]
192,6,3,AAGCCUGGCUGCGGUGGGCAGCACGCGAACACCGAGCGACGGGGACUAGGUCCGUCCCCGACCACCGCCCAGGCAGUAAAUUUUGUGAGACC,..((((((..(((((((...{{{((((.....)..))).(((((((..[[[[[))))))).))))))))))))).........}}}].]]]]
193,6,4,AAGCCUGGCUGCGGUGGGCAGCACGCGAACACCGAGCGACGGGGACUAGGUCCGUCCCCGACCACCGCCCAGGCAGUAAAUUUUGUGAGACC,.(((((((.[(((((((...{{{((((.....)..)))].((((((..[[[[[))))))..)))))))))))))..)......}}}].]]]]
194,6,5,AAGCCUGGCUGCGGUGGGCAGCACGCGAACACCGAGCGACGGGGACUAGGUCCGUCCCCGACCACCGCCCAGGCAGUAAAUUUUGUGAGACC,..((((((..(((((((...{{{((((.....)..))).(((((((..[[[[[))))))).))))))))))))).........}}}].]]]]
195,6,6,AAGCCUGGCUGCGGUGGGCAGCACGCGAACACCGAGCGACGGGGACUAGGUCCGUCCCCGACCACCGCCCAGGCAGUAAAUUUUGUGAGACC,(.((((((..(((((((.{.{{{((((.....)..))).(((((((..[[[[.))))))).)))))))))))))..)......}}}}.]]]]
196,6,7,AAGCCUGGCUGCGGUGGGCAGCACGCGAACACCGAGCGACGGGGACUAGGUCCGUCCCCGACCACCGCCCAGGCAGUAAAUUUUGUGAGACC,.(((((((..((((((([.<{{{((((....])..))).(((((((>.[[[[[))))))).)))))))))))))[.)...]..}}}].]]]]
197,6,8,AAGCCUGGCUGCGGUGGGCAGCACGCGAACACCGAGCGACGGGGACUAGGUCCGUCCCCGACCACCGCCCAGGCAGUAAAUUUUGUGAGACC,(.((((((..(((((((...{{{((((.....)..))).(((((((..[[[[[))))))).)))))))))))))[.)...]..}}}].]]]]
198,6,9,AAGCCUGGCUGCGGUGGGCAGCACGCGAACACCGAGCGACGGGGACUAGGUCCGUCCCCGACCACCGCCCAGGCAGUAAAUUUUGUGAGACC,..((((((..(((((((.{.{{{((((.....)..))).(((((((..[[[[.))))))).))))))))))))).........}}}}.]]]]
199,6,10,AAGCCUGGCUGCGGUGGGCAGCACGCGAACACCGAGCGACGGGGACUAGGUCCGUCCCCGACCACCGCCCAGGCAGUAAAUUUUGUGAGACC,.(((((((..(((((((...{{{((((.....)..))).(((((((..[[[[[))))))).)))))))))))))..)......}}}].]]]]
200,6,11,AAGCCUGGCUGCGGUGGGCAGCACGCGAACACCGAGCGACGGGGACUAGGUCCGUCCCCGACCACCGCCCAGGCAGUAAAUUUUGUGAGACC,..((((((..(((((((.{.{{{(((..{{.....))).(((((((..[[[[.))))))).))))))))))))).}}......}}}}.]]]]
201,6,12,AAGCCUGGCUGCGGUGGGCAGCACGCGAACACCGAGCGACGGGGACUAGGUCCGUCCCCGACCACCGCCCAGGCAGUAAAUUUUGUGAGACC,(.((((((..(((((((..<{{{((((...{.)..))).(((((((..[[[[[))))))).)))))))))))))[.)...]}>}}}].]]]]
202,6,13,AAGCCUGGCUGCGGUGGGCAGCACGCGAACACCGAGCGACGGGGACUAGGUCCGUCCCCGACCACCGCCCAGGCAGUAAAUUUUGUGAGACC,(.((((((..(((((((.{{.{{((((.....)..))).(((((((..[[[[.))))))).)))))))))))))[.)...]..}}}}.]]]]
203,6,14,AAGCCUGGCUGCGGUGGGCAGCACGCGAACACCGAGCGACGGGGACUAGGUCCGUCCCCGACCACCGCCCAGGCAGUAAAUUUUGUGAGACC,..((((((..(((((((...{{{((((.....)..))).(((((((..[[[[[))))))).))))))))))))).........}}}].]]]]
204,6,15,AAGCCUGGCUGCGGUGGGCAGCACGCGAACACCGAGCGACGGGGACUAGGUCCGUCCCCGACCACCGCCCAGGCAGUAAAUUUUGUGAGACC,..((((((..(((((((...{{{((((.....)..))).(((((((..[[[[[))))))).)))))))))))))...(....)}}}].]]]]
205,6,16,AAGCCUGGCUGCGGUGGGCAGCACGCGAACACCGAGCGACGGGGACUAGGUCCGUCCCCGACCACCGCCCAGGCAGUAAAUUUUGUGAGACC,..((((((..(((((((...{{{((((.....)..))).(((((((..[[[[[))))))).)))))))))))))...(....)}}}].]]]]
206,6,17,AAGCCUGGCUGCGGUGGGCAGCACGCGAACACCGAGCGACGGGGACUAGGUCCGUCCCCGACCACCGCCCAGGCAGUAAAUUUUGUGAGACC,..((((((...((((((.{.{{{((((.....)..))).(((((((..[[[[.))))))).)))))).)))))).........}}}}.]]]]
207,6,18,AAGCCUGGCUGCGGUGGGCAGCACGCGAACACCGAGCGACGGGGACUAGGUCCGUCCCCGACCACCGCCCAGGCAGUAAAUUUUGUGAGACC,..((((((..(((((((...{{{((((.....)..))).(((((((..[[[[[))))))).)))))))))))))...(....)}}}].]]]]
208,6,19,AAGCCUGGCUGCGGUGGGCAGCACGCGAACACCGAGCGACGGGGACUAGGUCCGUCCCCGACCACCGCCCAGGCAGUAAAUUUUGUGAGACC,(.((((((..(((((((.{{.{{((((.....)..))){(((((((..[[[[.))))))).)))))))))))))[.)...]}.}}}}.]]]]
209,6,20,AAGCCUGGCUGCGGUGGGCAGCACGCGAACACCGAGCGACGGGGACUAGGUCCGUCCCCGACCACCGCCCAGGCAGUAAAUUUUGUGAGACC,((((((((..(((((((.{.{{{((((.{{..)..))).(((((((..[[[[.))))))).))))))))))))).}}...)).}}}}.]]]]
210,6,21,AAGCCUGGCUGCGGUGGGCAGCACGCGAACACCGAGCGACGGGGACUAGGUCCGUCCCCGACCACCGCCCAGGCAGUAAAUUUUGUGAGACC,(.((((((..(((((((.{{.{{((((.....)..))).(((((((..[[[[.))))))).)))))))))))))[.)...](.}}}})]]]]
211,6,22,AAGCCUGGCUGCGGUGGGCAGCACGCGAACACCGAGCGACGGGGACUAGGUCCGUCCCCGACCACCGCCCAGGCAGUAAAUUUUGUGAGACC,(.((((((..(((((((.{{.{{((((.....)..))).(((((((..[[[[.))))))).)))))))))))))[.)...]..}}}}.]]]]
212,6,23,AAGCCUGGCUGCGGUGGGCAGCACGCGAACACCGAGCGACGGGGACUAGGUCCGUCCCCGACCACCGCCCAGGCAGUAAAUUUUGUGAGACC,..((((((..(((((((.{{.{{((((.....)..))).(((((((..[[[[.))))))).))))))))))))).........}}}}.]]]]
213,6,24,AAGCCUGGCUGCGGUGGGCAGCACGCGAACACCGAGCGACGGGGACUAGGUCCGUCCCCGACCACCGCCCAGGCAGUAAAUUUUGUGAGACC,.(((((((..(((((((.{{.{{((((.....)..))).(((((((..[[[[.))))))).)))))))))))))........)}}}}.]]]]
214,6,25,AAGCCUGGCUGCGGUGGGCAGCACGCGAACACCGAGCGACGGGGACUAGGUCCGUCCCCGACCACCGCCCAGGCAGUAAAUUUUGUGAGACC,(.((((((..(((((((.{{.{{((((.....)..))).(((((((..[[[[.))))))).)))))))))))))[.)..(].)}}}}.]]]]
215,6,26,AAGCCUGGCUGCGGUGGGCAGCACGCGAACACCGAGCGACGGGGACUAGGUCCGUCCCCGACCACCGCCCAGGCAGUAAAUUUUGUGAGACC,..((((((..(((((((...{{{((((.....)..))).(((((((..[[[[[))))))).))))))))))))).........}}}].]]]]
216,6,27,AAGCCUGGCUGCGGUGGGCAGCACGCGAACACCGAGCGACGGGGACUAGGUCCGUCCCCGACCACCGCCCAGGCAGUAAAUUUUGUGAGACC,..((((((..(((((((.{.{{{((((.....)..))){{((((((..[[[[.)))))).[))))))))))))).}}...]..}}}}.]]]]
217,6,28,AAGCCUGGCUGCGGUGGGCAGCACGCGAACACCGAGCGACGGGGACUAGGUCCGUCCCCGACCACCGCCCAGGCAGUAAAUUUUGUGAGACC,..((((((..(((((((...{{{((((.{{..)..))).(((((((..[[[[[))))))).))))))))))))).}}.(...)}}}].]]]]
218,6,29,AAGCCUGGCUGCGGUGGGCAGCACGCGAACACCGAGCGACGGGGACUAGGUCCGUCCCCGACCACCGCCCAGGCAGUAAAUUUUGUGAGACC,..((((((.[(((((((..]{{{((((.....)..))).(((((((..[[[[[))))))).)))))))))))))...(....)}}}].]]]]
219,6,30,AAGCCUGGCUGCGGUGGGCAGCACGCGAACACCGAGCGACGGGGACUAGGUCCGUCCCCGACCACCGCCCAGGCAGUAAAUUUUGUGAGACC,..((((((.[(((((((..]{{{((((.....)..))).(((((((..[[[[[))))))).))))))))))))).........}}}].]]]]
220,6,31,AAGCCUGGCUGCGGUGGGCAGCACGCGAACACCGAGCGACGGGGACUAGGUCCGUCCCCGACCACCGCCCAGGCAGUAAAUUUUGUGAGACC,(.((((((..(((((((.[[.[[(((([[...))..)).(((((((..{{{{.))))))).)))))))))))))..)...]].]]]].}}}}
221,6,32,AAGCCUGGCUGCGGUGGGCAGCACGCGAACACCGAGCGACGGGGACUAGGUCCGUCCCCGACCACCGCCCAGGCAGUAAAUUUUGUGAGACC,(.((((((..((((((([..{{{((((....])..))).(((((((..[[[[[))))))).)))))))))))))[.)...]..}}}].]]]]
222,6,33,AAGCCUGGCUGCGGUGGGCAGCACGCGAACACCGAGCGACGGGGACUAGGUCCGUCCCCGACCACCGCCCAGGCAGUAAAUUUUGUGAGACC,.(((((((..(((((((.[[.[[(((([[...)..))).(((((((..{{{{.))))))).)))))))))))))[.)...]]]]]]].}}}}
223,6,34,AAGCCUGGCUGCGGUGGGCAGCACGCGAACACCGAGCGACGGGGACUAGGUCCGUCCCCGACCACCGCCCAGGCAGUAAAUUUUGUGAGACC,..((((((..(((((((...{{{((((.....)..))).(((((((..[[[[[))))))).)))))))))))))...(....)}}}].]]]]
224,6,35,AAGCCUGGCUGCGGUGGGCAGCACGCGAACACCGAGCGACGGGGACUAGGUCCGUCCCCGACCACCGCCCAGGCAGUAAAUUUUGUGAGACC,..((((((..(((((((...{{{((((.....)..))).(((((((..[[[[[))))))).))))))))))))).........}}}].]]]]
225,6,36,AAGCCUGGCUGCGGUGGGCAGCACGCGAACACCGAGCGACGGGGACUAGGUCCGUCCCCGACCACCGCCCAGGCAGUAAAUUUUGUGAGACC,..((((((...((((((...{{{((((.....)..))).(((((((..[[[[[))))))).)))))).))))))...(....)}}}].]]]]
226,6,37,AAGCCUGGCUGCGGUGGGCAGCACGCGAACACCGAGCGACGGGGACUAGGUCCGUCCCCGACCACCGCCCAGGCAGUAAAUUUUGUGAGACC,(.((((((..(((((((.{.{{{((((.....)..))).(((((((..[[[[.))))))).)))))))))))))[.)....].}}}}.]]]]
227,6,38,AAGCCUGGCUGCGGUGGGCAGCACGCGAACACCGAGCGACGGGGACUAGGUCCGUCCCCGACCACCGCCCAGGCAGUAAAUUUUGUGAGACC,..((((((..(((((((.{.{{{((((.....)..))).(((((((..[[[[.))))))).))))))))))))).......(.}}}})]]]]
228,6,39,AAGCCUGGCUGCGGUGGGCAGCACGCGAACACCGAGCGACGGGGACUAGGUCCGUCCCCGACCACCGCCCAGGCAGUAAAUUUUGUGAGACC,(.((((((..((((((([..{{{((((....])..))).(((((((..[[[.[)))))))[)))))))))))))[.)....]]}}}..]]]]
229,6,40,AAGCCUGGCUGCGGUGGGCAGCACGCGAACACCGAGCGACGGGGACUAGGUCCGUCCCCGACCACCGCCCAGGCAGUAAAUUUUGUGAGACC,..((((((...((((((...[[[((((.....)..))).(((((((..{{{{.))))))).)))))).)))))).........]]]..}}}}
230,6,41,AAGCCUGGCUGCGGUGGGCAGCACGCGAACACCGAGCGACGGGGACUAGGUCCGUCCCCGACCACCGCCCAGGCAGUAAAUUUUGUGAGACC,(.((((((..(((((((.(.{{{((((.....)..)))..((((((..[[[[[))))))).)))))))))))))[.)...]..}}}].]]]]
231,6,42,AAGCCUGGCUGCGGUGGGCAGCACGCGAACACCGAGCGACGGGGACUAGGUCCGUCCCCGACCACCGCCCAGGCAGUAAAUUUUGUGAGACC,..((((((.[(((((((..]{{{((((.....)..))).(((((((..[[[[[))))))).))))))))))))).....(..)}}}].]]]]
232,6,43,AAGCCUGGCUGCGGUGGGCAGCACGCGAACACCGAGCGACGGGGACUAGGUCCGUCCCCGACCACCGCCCAGGCAGUAAAUUUUGUGAGACC,((((((((..(((((((.[[.[[((((.[[..)..))).(((((((..{{{{.))))))).))))))))))))).]].[.))]]]]].}}}}
233,6,44,AAGCCUGGCUGCGGUGGGCAGCACGCGAACACCGAGCGACGGGGACUAGGUCCGUCCCCGACCACCGCCCAGGCAGUAAAUUUUGUGAGACC,..((((((..(((((((.[.[[[(((..[[.....))).(((((((..{{{{.))))))).))))))))))))).]]......]]]].}}}}
234,6,45,AAGCCUGGCUGCGGUGGGCAGCACGCGAACACCGAGCGACGGGGACUAGGUCCGUCCCCGACCACCGCCCAGGCAGUAAAUUUUGUGAGACC,..((((((..(((((((...{{{((((.....)..))).(((((((..[[[[.))))))).)))))))))))))...(....)}}}..]]]]
235,6,46,AAGCCUGGCUGCGGUGGGCAGCACGCGAACACCGAGCGACGGGGACUAGGUCCGUCCCCGACCACCGCCCAGGCAGUAAAUUUUGUGAGACC,.(((((((.[(((((((...{{{((((.....)..)))].((((((..[[[[[))))))..)))))))))))))[.)...]..}}}].]]]]
236,6,47,AAGCCUGGCUGCGGUGGGCAGCACGCGAACACCGAGCGACGGGGACUAGGUCCGUCCCCGACCACCGCCCAGGCAGUAAAUUUUGUGAGACC,..((((((..((((((({{{{(.(.((...{{)).).).(((((((..[[[[[))))))).))))))))))))).}}.....}}}}].]]]]
237,6,48,AAGCCUGGCUGCGGUGGGCAGCACGCGAACACCGAGCGACGGGGACUAGGUCCGUCCCCGACCACCGCCCAGGCAGUAAAUUUUGUGAGACC,(.((((((..((((((([..{{{((((....])..))).(((((((..[[[[[))))))).)))))))))))))[.)....].}}}].]]]]
238,6,49,AAGCCUGGCUGCGGUGGGCAGCACGCGAACACCGAGCGACGGGGACUAGGUCCGUCCCCGACCACCGCCCAGGCAGUAAAUUUUGUGAGACC,(.((((((..(((((((.{{.{{((((.....)..))).(((((((..[[[[.))))))).)))))))))))))..)......}}}}.]]]]
239,6,50,AAGCCUGGCUGCGGUGGGCAGCACGCGAACACCGAGCGACGGGGACUAGGUCCGUCCCCGACCACCGCCCAGGCAGUAAAUUUUGUGAGACC,.(((((((.[(((((((...{{{((((.....)..)))].((((((..[[[[[))))))..)))))))))))))..).....(}}}])]]]]
240,6,51,AAGCCUGGCUGCGGUGGGCAGCACGCGAACACCGAGCGACGGGGACUAGGUCCGUCCCCGACCACCGCCCAGGCAGUAAAUUUUGUGAGACC,(.((((((..(((((((.{.{{{((((.....)..))).(((((((..[[[[.))))))).)))))))))))))..)......}}}}.]]]]
241,6,52,AAGCCUGGCUGCGGUGGGCAGCACGCGAACACCGAGCGACGGGGACUAGGUCCGUCCCCGACCACCGCCCAGGCAGUAAAUUUUGUGAGACC,(.((((((..(((((((...{{{((((.....)..))).(((((((..[[[[[))))))).)))))))))))))[.)...]..}}}].]]]]
242,6,53,AAGCCUGGCUGCGGUGGGCAGCACGCGAACACCGAGCGACGGGGACUAGGUCCGUCCCCGACCACCGCCCAGGCAGUAAAUUUUGUGAGACC,(.((((((..((((((([..{{{((((....])..))).(((((((..[[[[[))))))).)))))))))))))[.)...]..}}}].]]]]
243,6,54,AAGCCUGGCUGCGGUGGGCAGCACGCGAACACCGAGCGACGGGGACUAGGUCCGUCCCCGACCACCGCCCAGGCAGUAAAUUUUGUGAGACC,(.((((((..(((((((.{{.{{((((.....)..))).(((((((..[[[[.))))))).)))))))))))))[.)...].}.}}}.]]]]
244,6,55,AAGCCUGGCUGCGGUGGGCAGCACGCGAACACCGAGCGACGGGGACUAGGUCCGUCCCCGACCACCGCCCAGGCAGUAAAUUUUGUGAGACC,..((((((..(((((((...{{{((((.....)..))).(((((((..[[[[.))))))).)))))))))))))...(....)}}}..]]]]
245,7,1,AAGAGGGCGCCACCGGCAGCACGCGAAAUAGCGACGGGCCAGCGGUCAGCCCGACGGUGGGCCCUCAAGAAAAUUUGUGAGACC,..((((((.((((((.{{.{{(((......))).(((((....[[[[.))))).)))))))))))).........}}}}.]]]]
246,7,2,AAGAGGGCGCCACCGGCAGCACGCGAAAUAGCGACGGGCCAGCGGUCAGCCCGACGGUGGGCCCUCAAGAAAAUUUGUGAGACC,..((((((.((((((.{{.{{(((......))).((((.(...[[[[.))))).)))))))))))).........}}}}.]]]]
247,7,3,AAGAGGGCGCCACCGGCAGCACGCGAAAUAGCGACGGGCCAGCGGUCAGCCCGACGGUGGGCCCUCAAGAAAAUUUGUGAGACC,..((((((.((((((.{{.{{(((......))).(((((....[[[[.))))).)))))))))))).........}}}}.]]]]
248,7,4,AAGAGGGCGCCACCGGCAGCACGCGAAAUAGCGACGGGCCAGCGGUCAGCCCGACGGUGGGCCCUCAAGAAAAUUUGUGAGACC,..((((((.((((((.{{.{{(((......))).(((((....[[[[.))))).)))))))))))).........}}}}.]]]]
249,7,5,AAGAGGGCGCCACCGGCAGCACGCGAAAUAGCGACGGGCCAGCGGUCAGCCCGACGGUGGGCCCUCAAGAAAAUUUGUGAGACC,..((((((.((((((.{{.{{(((......))).(((((....[[[[.))))).)))))))))))).........}}}}.]]]]
250,7,6,AAGAGGGCGCCACCGGCAGCACGCGAAAUAGCGACGGGCCAGCGGUCAGCCCGACGGUGGGCCCUCAAGAAAAUUUGUGAGACC,..((((((.((((((.{{.{{(((....{.))).(((((....[[[[.))))).))))))))))))...}.....}}}}.]]]]
251,7,7,AAGAGGGCGCCACCGGCAGCACGCGAAAUAGCGACGGGCCAGCGGUCAGCCCGACGGUGGGCCCUCAAGAAAAUUUGUGAGACC,..((((((.((((((.{.{{{(((......))).(((((....[[[[.))))).)))))))))))).........}}}}.]]]]
252,7,8,AAGAGGGCGCCACCGGCAGCACGCGAAAUAGCGACGGGCCAGCGGUCAGCCCGACGGUGGGCCCUCAAGAAAAUUUGUGAGACC,((((((((.((((((.{{.{{(((.(..).))).(((((....[[[[.))))).)))))))))))).......))}}}}.]]]]
253,7,9,AAGAGGGCGCCACCGGCAGCACGCGAAAUAGCGACGGGCCAGCGGUCAGCCCGACGGUGGGCCCUCAAGAAAAUUUGUGAGACC,..((((((.((((((.{{.{{(((......))).(((((....[[[[.))))).)))))))))))).........}}}}.]]]]
254,7,10,AAGAGGGCGCCACCGGCAGCACGCGAAAUAGCGACGGGCCAGCGGUCAGCCCGACGGUGGGCCCUCAAGAAAAUUUGUGAGACC,[.((((((.((((((....{{(((.{.{].))).(((((....[[[[[))))).)))))))))))).......}}}}]..]]]]
255,7,11,AAGAGGGCGCCACCGGCAGCACGCGAAAUAGCGACGGGCCAGCGGUCAGCCCGACGGUGGGCCCUCAAGAAAAUUUGUGAGACC,..((((((.((((((.{.{{{(((......))).((((.(...[[[[.))))).)))))))))))).........}}}}.]]]]
256,7,12,AAGAGGGCGCCACCGGCAGCACGCGAAAUAGCGACGGGCCAGCGGUCAGCCCGACGGUGGGCCCUCAAGAAAAUUUGUGAGACC,.[((((((.((((((({{{).(((....].))).(((((....[[[[.))))).))))))))))))........}}}...]]]]
257,7,13,AAGAGGGCGCCACCGGCAGCACGCGAAAUAGCGACGGGCCAGCGGUCAGCCCGACGGUGGGCCCUCAAGAAAAUUUGUGAGACC,..((((((.((((((.{{.{{(((....{.))).((((.(...[[[[.))))).)))))))))))).....}...}}}}.]]]]
258,7,14,AAGAGGGCGCCACCGGCAGCACGCGAAAUAGCGACGGGCCAGCGGUCAGCCCGACGGUGGGCCCUCAAGAAAAUUUGUGAGACC,..((((((.((((((.{{.{{(((....{.))).(((((....[[[[.))))).)))))))))))).....}...}}}}.]]]]
259,7,15,AAGAGGGCGCCACCGGCAGCACGCGAAAUAGCGACGGGCCAGCGGUCAGCCCGACGGUGGGCCCUCAAGAAAAUUUGUGAGACC,..((((((.((((((.{{.{{(((......))).(((((....[[[[.))))).)))))))))))).........}}}}.]]]]
260,7,16,AAGAGGGCGCCACCGGCAGCACGCGAAAUAGCGACGGGCCAGCGGUCAGCCCGACGGUGGGCCCUCAAGAAAAUUUGUGAGACC,..((((((.((((((.{{.{{(((......))).(((((....[[[[.))))).))))))))))))........}.}}}.]]]]
261,7,17,AAGAGGGCGCCACCGGCAGCACGCGAAAUAGCGACGGGCCAGCGGUCAGCCCGACGGUGGGCCCUCAAGAAAAUUUGUGAGACC,..((((((.((((((.{.{{{(((......))).(((((....[[[[.))))).)))))))))))).........}}}}.]]]]
262,7,18,AAGAGGGCGCCACCGGCAGCACGCGAAAUAGCGACGGGCCAGCGGUCAGCCCGACGGUGGGCCCUCAAGAAAAUUUGUGAGACC,..((((((.((((((.[[.[[(((......))).((((.(...{{{{.))))).)))))))))))).........]]]].}}}}
263,8,1,AAGGGAGCGCCACUGGCAGCACGCUUCAUAUUAGCGACGGGGUGGGUCCAGACCCCGACAGUGGGCUCCCAAAAAAUUUGUGAGACCC,..((((((.((((((.{.{{{((((.....{.)))).(((((([[[[[...)))))).)))))))))))).}......}}}}.]]]]]
264,8,2,AAGGGAGCGCCACUGGCAGCACGCUUCAUAUUAGCGACGGGGUGGGUCCAGACCCCGACAGUGGGCUCCCAAAAAAUUUGUGAGACCC,..((((((.((((((.[.[[[(((([.(...))))).((((((((((.{..)))))).))))))))))))...]....]]]].}))))
265,8,3,AAGGGAGCGCCACUGGCAGCACGCUUCAUAUUAGCGACGGGGUGGGUCCAGACCCCGACAGUGGGCUCCCAAAAAAUUUGUGAGACCC,..((((((.((((((.{{.{{(((({......)))).(((((([[[[[...)))))).)))))))))))).}......}}}}.]]]]]
266,8,4,AAGGGAGCGCCACUGGCAGCACGCUUCAUAUUAGCGACGGGGUGGGUCCAGACCCCGACAGUGGGCUCCCAAAAAAUUUGUGAGACCC,.[((((((.((((((.{.{{{((((...]...)))).(((((([[[[[...)))))).)))))))))))).......}.}}}.]]]]]
267,8,5,AAGGGAGCGCCACUGGCAGCACGCUUCAUAUUAGCGACGGGGUGGGUCCAGACCCCGACAGUGGGCUCCCAAAAAAUUUGUGAGACCC,..((((((.((((((.{.{{{(((({......)))).(((((([[[[[...)))))).))))))))))))}.......}}}}.]]]]]
268,8,6,AAGGGAGCGCCACUGGCAGCACGCUUCAUAUUAGCGACGGGGUGGGUCCAGACCCCGACAGUGGGCUCCCAAAAAAUUUGUGAGACCC,..((((((.((((((.{{.{{(((({......)))).(((((([[[[[...)))))).))))))))))))...}....}}}}.]]]]]
269,8,7,AAGGGAGCGCCACUGGCAGCACGCUUCAUAUUAGCGACGGGGUGGGUCCAGACCCCGACAGUGGGCUCCCAAAAAAUUUGUGAGACCC,..((((((.((((((....{{((((..{{...)))).(((((.[[[[[[[..))))).)))))))))))).....}}.}}]].]]]]]
270,8,8,AAGGGAGCGCCACUGGCAGCACGCUUCAUAUUAGCGACGGGGUGGGUCCAGACCCCGACAGUGGGCUCCCAAAAAAUUUGUGAGACCC,((((((((.((((((....{{(((.(......)))).(((((([[[[[...))))))[))))))))))))......))}}]..]]]]]
271,8,9,AAGGGAGCGCCACUGGCAGCACGCUUCAUAUUAGCGACGGGGUGGGUCCAGACCCCGACAGUGGGCUCCCAAAAAAUUUGUGAGACCC,..((((((.((((((...{{{((((..{{...)))).(((((([[[[[[..)))))).))))))))))))....}.}.}}}].]]]]]
272,8,10,AAGGGAGCGCCACUGGCAGCACGCUUCAUAUUAGCGACGGGGUGGGUCCAGACCCCGACAGUGGGCUCCCAAAAAAUUUGUGAGACCC,[.((((((.((((((.{{.{{((((]....{<)))).(((((([[[[[...)))))).)))))))))))).}.>....}}}}.]]]]]
273,8,11,AAGGGAGCGCCACUGGCAGCACGCUUCAUAUUAGCGACGGGGUGGGUCCAGACCCCGACAGUGGGCUCCCAAAAAAUUUGUGAGACCC,..((((((.((((((.{.{{{((({{.......))).(((((([[[[[...)))))).))))))))))))...}}...}}}}.]]]]]
274,8,12,AAGGGAGCGCCACUGGCAGCACGCUUCAUAUUAGCGACGGGGUGGGUCCAGACCCCGACAGUGGGCUCCCAAAAAAUUUGUGAGACCC,..((((((.((((((.{{.{{((((.......)))).(((((([[[[[...)))))).))))))))))))........}}}}.]]]]]
275,8,12,AAGGGAGCGCCACUGGCAGCACGCUUCAUAUUAGCGACGGGGUGGGUCCAGACCCCGACAGUGGGCUCCCAAAAAAUUUGUGAGACCC,(........................)....(......((((((........)))))).............).................
276,8,12,AAGGGAGCGCCACUGGCAGCACGCUUCAUAUUAGCGACGGGGUGGGUCCAGACCCCGACAGUGGGCUCCCAAAAAAUUUGUGAGACCC,.(.......................)....(........................................)................
277,8,12,AAGGGAGCGCCACUGGCAGCACGCUUCAUAUUAGCGACGGGGUGGGUCCAGACCCCGACAGUGGGCUCCCAAAAAAUUUGUGAGACCC,..((((((.((((((......((((..).....)))......................))))))))))))..................
278,8,14,AAGGGAGCGCCACUGGCAGCACGCUUCAUAUUAGCGACGGGGUGGGUCCAGACCCCGACAGUGGGCUCCCAAAAAAUUUGUGAGACCC,((((((((.(((({....{{{((((..(...))))).(((((([[[[[[..))))))...))))))))))......))}}}]}]]]]]
279,8,15,AAGGGAGCGCCACUGGCAGCACGCUUCAUAUUAGCGACGGGGUGGGUCCAGACCCCGACAGUGGGCUCCCAAAAAAUUUGUGAGACCC,..((((((.((((((.[[.[[((((..[[...)))).(((((({{{{{...)))))).)))))))))))).....]].]]]].}}}}}
280,8,16,AAGGGAGCGCCACUGGCAGCACGCUUCAUAUUAGCGACGGGGUGGGUCCAGACCCCGACAGUGGGCUCCCAAAAAAUUUGUGAGACCC,..((((((.((((((.{{.{.((((.....{{)))).(((((([[[[[...)))))).))))))))))))}}.......}}}.]]]]]
281,8,17,AAGGGAGCGCCACUGGCAGCACGCUUCAUAUUAGCGACGGGGUGGGUCCAGACCCCGACAGUGGGCUCCCAAAAAAUUUGUGAGACCC,..((((((.((((((.{.{{{(((({.(...))))).(((((([[[[[...)))))).))))))))))))...}....}}}}.]]]]]
282,8,18,AAGGGAGCGCCACUGGCAGCACGCUUCAUAUUAGCGACGGGGUGGGUCCAGACCCCGACAGUGGGCUCCCAAAAAAUUUGUGAGACCC,..((((((.(((({....{{{((((..{{...)))).(((((([[[[[...))))))...)))))))))).....}}.}}}.}]]]]]
283,8,19,AAGGGAGCGCCACUGGCAGCACGCUUCAUAUUAGCGACGGGGUGGGUCCAGACCCCGACAGUGGGCUCCCAAAAAAUUUGUGAGACCC,.(((((((.((((((...{{{(((.(......)))).(((((([[[[[[..)))))).))))))))))))......).}}}].]]]]]
284,8,20,AAGGGAGCGCCACUGGCAGCACGCUUCAUAUUAGCGACGGGGUGGGUCCAGACCCCGACAGUGGGCUCCCAAAAAAUUUGUGAGACCC,..((((((.((((((.{{.{{((((.......)))).(((((([[[[[...)))))).))))))))))))........}}}}.]]]]]
285,8,21,AAGGGAGCGCCACUGGCAGCACGCUUCAUAUUAGCGACGGGGUGGGUCCAGACCCCGACAGUGGGCUCCCAAAAAAUUUGUGAGACCC,[.((((((.((((((.{.{{{((((]..<.{.)))).(((((([[[[[...)))))).))))))))))))>.}.....}}}}.]]]]]
286,8,22,AAGGGAGCGCCACUGGCAGCACGCUUCAUAUUAGCGACGGGGUGGGUCCAGACCCCGACAGUGGGCUCCCAAAAAAUUUGUGAGACCC,..((((((.(((((....{{{((((..{{...)))).(((((([[[[[[..))))))..))))))))))).....}}.}}}].]]]]]
287,8,23,AAGGGAGCGCCACUGGCAGCACGCUUCAUAUUAGCGACGGGGUGGGUCCAGACCCCGACAGUGGGCUCCCAAAAAAUUUGUGAGACCC,..((((((.((((((.{.{{{(((({......)))).(((((([[[[[...)))))).))))))))))))...}....}}}}.]]]]]
288,8,24,AAGGGAGCGCCACUGGCAGCACGCUUCAUAUUAGCGACGGGGUGGGUCCAGACCCCGACAGUGGGCUCCCAAAAAAUUUGUGAGACCC,.[((((((.(((((.({.{{{(((.(..]...)))).(((((([[[[[...)))))).))))))))))))........}}}}.]]]]]
289,8,25,AAGGGAGCGCCACUGGCAGCACGCUUCAUAUUAGCGACGGGGUGGGUCCAGACCCCGACAGUGGGCUCCCAAAAAAUUUGUGAGACCC,.(((((((.((((((...{{{((((..{{.{{)))).(((((([[[[[...)))))).)))))))))))).}}.}.})}}}..]]]]]
290,8,26,AAGGGAGCGCCACUGGCAGCACGCUUCAUAUUAGCGACGGGGUGGGUCCAGACCCCGACAGUGGGCUCCCAAAAAAUUUGUGAGACCC,..((((((.((((((.{.{{{((((.......)))).(((((([[[[[...)))))).)))))))))))).......}.}}}.]]]]]
291,8,27,AAGGGAGCGCCACUGGCAGCACGCUUCAUAUUAGCGACGGGGUGGGUCCAGACCCCGACAGUGGGCUCCCAAAAAAUUUGUGAGACCC,..((((((.((((((.{{.{{(((((...)..)))).(((((([[[[[...)))))).)))))))))))).......}.}}}.]]]]]
292,8,28,AAGGGAGCGCCACUGGCAGCACGCUUCAUAUUAGCGACGGGGUGGGUCCAGACCCCGACAGUGGGCUCCCAAAAAAUUUGUGAGACCC,((((((((.((((((.{.{{{(((((...)..)))).(((((([[[[[(.))))))).))))))))))))......))}}}}.]]]]]
293,8,29,AAGGGAGCGCCACUGGCAGCACGCUUCAUAUUAGCGACGGGGUGGGUCCAGACCCCGACAGUGGGCUCCCAAAAAAUUUGUGAGACCC,..((((((.((((((.{{.{{((((.......)))).(((((([[[[[...)))))).))))))))))))........}}}}.]]]]]
294,8,30,AAGGGAGCGCCACUGGCAGCACGCUUCAUAUUAGCGACGGGGUGGGUCCAGACCCCGACAGUGGGCUCCCAAAAAAUUUGUGAGACCC,..((((((.((((((.{.{{{((((......{)))).(((((([[[[[...)))))).))))))))))))}.......}}}}.]]]]]
295,8,31,AAGGGAGCGCCACUGGCAGCACGCUUCAUAUUAGCGACGGGGUGGGUCCAGACCCCGACAGUGGGCUCCCAAAAAAUUUGUGAGACCC,..((((((.((((((.{{.{{((((.......)))).(((((([[[[.[..)))))).))))))))))))........}}}}.]]]]]
296,8,32,AAGGGAGCGCCACUGGCAGCACGCUUCAUAUUAGCGACGGGGUGGGUCCAGACCCCGACAGUGGGCUCCCAAAAAAUUUGUGAGACCC,.[((((((.(((((.({{.{{((((...]...)))).(((((([[[[[...)))))).)))))))))))).......}.}}}.]]]]]
297,8,33,AAGGGAGCGCCACUGGCAGCACGCUUCAUAUUAGCGACGGGGUGGGUCCAGACCCCGACAGUGGGCUCCCAAAAAAUUUGUGAGACCC,..((((((.((((((.{.{{{(((({......)))).(((((([[[[[...)))))).))))))))))))...}....}}}}.]]]]]
298,8,34,AAGGGAGCGCCACUGGCAGCACGCUUCAUAUUAGCGACGGGGUGGGUCCAGACCCCGACAGUGGGCUCCCAAAAAAUUUGUGAGACCC,..((((((.((((((...{{{((((....{{{)))).(((((([[[[[[..)))))).))))))))))))...}.}}.}}}].]]]]]
299,8,35,AAGGGAGCGCCACUGGCAGCACGCUUCAUAUUAGCGACGGGGUGGGUCCAGACCCCGACAGUGGGCUCCCAAAAAAUUUGUGAGACCC,..((((((.((((((.{{.{{((((.......)))).(((((([[[[[...)))))).))))))))))))........}}}}.]]]]]
300,8,36,AAGGGAGCGCCACUGGCAGCACGCUUCAUAUUAGCGACGGGGUGGGUCCAGACCCCGACAGUGGGCUCCCAAAAAAUUUGUGAGACCC,..((((((.((((((...{{{((((..{{...)))).(((((([[[[[[..)))))).)))))))))))).....}}.}}}].]]]]]
301,8,37,AAGGGAGCGCCACUGGCAGCACGCUUCAUAUUAGCGACGGGGUGGGUCCAGACCCCGACAGUGGGCUCCCAAAAAAUUUGUGAGACCC,..((((((.((((((.{{.{{(((({......)))).(((((([[[[[...)))))).))))))))))))}......}.}}}.]]]]]
302,8,38,AAGGGAGCGCCACUGGCAGCACGCUUCAUAUUAGCGACGGGGUGGGUCCAGACCCCGACAGUGGGCUCCCAAAAAAUUUGUGAGACCC,.(((((((.((((((.{{.{{(((((...)..)))).(((((([[[[[.[.)))))).))))))))))))......)]}}}}.]]]]]
303,8,39,AAGGGAGCGCCACUGGCAGCACGCUUCAUAUUAGCGACGGGGUGGGUCCAGACCCCGACAGUGGGCUCCCAAAAAAUUUGUGAGACCC,..((((((.((((((.{{.{{(((((...)..)))).(((((([[[[[...)))))).))))))))))))........}}}}.]]]]]
304,8,40,AAGGGAGCGCCACUGGCAGCACGCUUCAUAUUAGCGACGGGGUGGGUCCAGACCCCGACAGUGGGCUCCCAAAAAAUUUGUGAGACCC,..((((((.(((((..{.{{{(((({.(...)))))..((((([[[[[...)))))...)))))))))))..}.....}}}}.]]]]]
305,8,41,AAGGGAGCGCCACUGGCAGCACGCUUCAUAUUAGCGACGGGGUGGGUCCAGACCCCGACAGUGGGCUCCCAAAAAAUUUGUGAGACCC,..((((((.((((((.[[.[[((((.....[[)))).(((((({{{{{...)))))).))))))))))))..]]....]]]].}}}}}
306,8,42,AAGGGAGCGCCACUGGCAGCACGCUUCAUAUUAGCGACGGGGUGGGUCCAGACCCCGACAGUGGGCUCCCAAAAAAUUUGUGAGACCC,((((((((.((((((.{.{{{((((.......)))).(((((([[[[[...)))))).))))))))))))......))}}}}.]]]]]
307,9,1,CCGCCCAGGGCCUAGGCAGCACGCGAAAUUAGGCGACGGGAGAGGGUCGGAUCCCGACUGGGCAGCUGGGCAAUUUGUAAUUUGUGAGACCC,..((((((.((((((.{.[[[(((.[[[[...))).(((((}.{{{{{...))))).))))))..)))))).]]]]......]]]..}}}}}
308,9,2,CCGCCCAGGGCCUAGGCAGCACGCGAAAUUAGGCGACGGGAGAGGGUCGGAUCCCGACUGGGCAGCUGGGCAAUUUGUAAUUUGUGAGACCC,.{((((((.((((((.[[.[[(((}[[[[[..))).(((((..{{{{{...))))).))))))..))))))]]]]]...(.)]]]].}}}}}
309,9,3,CCGCCCAGGGCCUAGGCAGCACGCGAAAUUAGGCGACGGGAGAGGGUCGGAUCCCGACUGGGCAGCUGGGCAAUUUGUAAUUUGUGAGACCC,.{((((((.((((((.[[.[[(((}[[[[[..))).(((((..{{{{{...))))).))))))..))))))]]]]]......]]]].}}}}}
310,9,4,CCGCCCAGGGCCUAGGCAGCACGCGAAAUUAGGCGACGGGAGAGGGUCGGAUCCCGACUGGGCAGCUGGGCAAUUUGUAAUUUGUGAGACCC,..((((((.((((((.{.{{{(((.{{.{...))).(((((..[[[[[...))))).))))))..)))))).}.}}......}}}}.]]]]]
311,9,5,CCGCCCAGGGCCUAGGCAGCACGCGAAAUUAGGCGACGGGAGAGGGUCGGAUCCCGACUGGGCAGCUGGGCAAUUUGUAAUUUGUGAGACCC,..((((((.((((((.[.[[[(((..[[[[[.))).(((((..{{{{{...))))).))))))..))))))....]..]]]]]]]].}}}}}
312,9,6,CCGCCCAGGGCCUAGGCAGCACGCGAAAUUAGGCGACGGGAGAGGGUCGGAUCCCGACUGGGCAGCUGGGCAAUUUGUAAUUUGUGAGACCC,(.((((((.(((((..{.{{{(((.{.{{...)))..((((..[[[[[...))))...)))))..)))))).}}.}).....}}}}.]]]]]
313,9,7,CCGCCCAGGGCCUAGGCAGCACGCGAAAUUAGGCGACGGGAGAGGGUCGGAUCCCGACUGGGCAGCUGGGCAAUUUGUAAUUUGUGAGACCC,.<((((((.((((((...{{{(((.(...)..))).(((((..[[[[[...))))).))))))..))))))(((..>..)))}}}..]]]]]
314,9,8,CCGCCCAGGGCCUAGGCAGCACGCGAAAUUAGGCGACGGGAGAGGGUCGGAUCCCGACUGGGCAGCUGGGCAAUUUGUAAUUUGUGAGACCC,.[(((((..((((((.{.{{{(((]{{{{{..))).(((((..[[[[[...))))).))))))...)))))}}}}}......}}}}.]]]]]
315,9,9,CCGCCCAGGGCCUAGGCAGCACGCGAAAUUAGGCGACGGGAGAGGGUCGGAUCCCGACUGGGCAGCUGGGCAAUUUGUAAUUUGUGAGACCC,(.((((((.(((((.([.[[[(((.[[[[...))).(((((..{{{{{...))))).))))))..)))))).]]]]).....]]]].}}}}}
316,9,10,CCGCCCAGGGCCUAGGCAGCACGCGAAAUUAGGCGACGGGAGAGGGUCGGAUCCCGACUGGGCAGCUGGGCAAUUUGUAAUUUGUGAGACCC,.<((((((.((((((.[.{{{(((..(..)..))).(((((].[[[[[...))))).))))))..))))))(((..>.).))}}}..]]]]]
317,9,11,CCGCCCAGGGCCUAGGCAGCACGCGAAAUUAGGCGACGGGAGAGGGUCGGAUCCCGACUGGGCAGCUGGGCAAUUUGUAAUUUGUGAGACCC,..((((((.((((((...[[[(((..[[[[[[))).(((((..{{{{{...))))).))))))..))))))...]]]..]]]]]]..}}}}}
318,9,12,CCGCCCAGGGCCUAGGCAGCACGCGAAAUUAGGCGACGGGAGAGGGUCGGAUCCCGACUGGGCAGCUGGGCAAUUUGUAAUUUGUGAGACCC,.[((((((.((((((.{.{{{(((]{{{{{..))).(((((..[[[[[...))))).))))))..))))))}}}}}......}}}}.]]]]]
319,9,13,CCGCCCAGGGCCUAGGCAGCACGCGAAAUUAGGCGACGGGAGAGGGUCGGAUCCCGACUGGGCAGCUGGGCAAUUUGUAAUUUGUGAGACCC,..((((((.((((((......((({...{...))).(((((..[[[[[[..)))))[))))))..))))))}..}.....]...]..]]]]]
320,9,14,CCGCCCAGGGCCUAGGCAGCACGCGAAAUUAGGCGACGGGAGAGGGUCGGAUCCCGACUGGGCAGCUGGGCAAUUUGUAAUUUGUGAGACCC,..((((((.((((((...[[[(((..[[[.[.))).(((((..{{{{{...))))).))))))..))))))....]...]]]]]]..}}}}}
321,9,15,CCGCCCAGGGCCUAGGCAGCACGCGAAAUUAGGCGACGGGAGAGGGUCGGAUCCCGACUGGGCAGCUGGGCAAUUUGUAAUUUGUGAGACCC,..((((((.((((((...{{{(((........))).(((((..[[[[[...))))).))))))..)))))).(....)....}}}..]]]]]
322,9,16,CCGCCCAGGGCCUAGGCAGCACGCGAAAUUAGGCGACGGGAGAGGGUCGGAUCCCGACUGGGCAGCUGGGCAAUUUGUAAUUUGUGAGACCC,[.((((((]((((((...[[[(((.[[[[[..))).(((((..{{{{{...))))){))))))..))))))]]]]]....}.]]]..}}}}}
323,9,17,CCGCCCAGGGCCUAGGCAGCACGCGAAAUUAGGCGACGGGAGAGGGUCGGAUCCCGACUGGGCAGCUGGGCAAUUUGUAAUUUGUGAGACCC,.<((((((.((((((...{{{(((.(..[)].))).(((((..[[[[[...))))).))))))..))))))((((.>.))))}}}..]]]]]
324,9,18,CCGCCCAGGGCCUAGGCAGCACGCGAAAUUAGGCGACGGGAGAGGGUCGGAUCCCGACUGGGCAGCUGGGCAAUUUGUAAUUUGUGAGACCC,..((((((.((((((.{.{{{(((.(.{{)..))).(((((..[[[[[...))))).))))))..))))))}.}........}}}}.]]]]]
325,9,19,CCGCCCAGGGCCUAGGCAGCACGCGAAAUUAGGCGACGGGAGAGGGUCGGAUCCCGACUGGGCAGCUGGGCAAUUUGUAAUUUGUGAGACCC,<.((((((.((((((.[.{{{(((........))).(((((].[[[[[...))))).))))))..))))))((((.>.))))}}}..]]]]]
326,9,20,CCGCCCAGGGCCUAGGCAGCACGCGAAAUUAGGCGACGGGAGAGGGUCGGAUCCCGACUGGGCAGCUGGGCAAUUUGUAAUUUGUGAGACCC,..((((((.((((((.{{.{{(((....{...))).(((((..[[[[[[[[)))))}))))))..))))))..]]]....(.}}}})]]]]]
327,9,21,CCGCCCAGGGCCUAGGCAGCACGCGAAAUUAGGCGACGGGAGAGGGUCGGAUCCCGACUGGGCAGCUGGGCAAUUUGUAAUUUGUGAGACCC,..((((((.((((((...[[[(((.[[[[...))).(((((..{{{{{...))))){))))))..)))))).]]]]....}.]]]..}}}}}
328,9,22,CCGCCCAGGGCCUAGGCAGCACGCGAAAUUAGGCGACGGGAGAGGGUCGGAUCCCGACUGGGCAGCUGGGCAAUUUGUAAUUUGUGAGACCC,.<((((((.((((((...[[[(((.[[[[[..))).(((((..{{{{{.>.))))).))))))..))))))]]]]]......]]]..}}}}}
329,9,23,CCGCCCAGGGCCUAGGCAGCACGCGAAAUUAGGCGACGGGAGAGGGUCGGAUCCCGACUGGGCAGCUGGGCAAUUUGUAAUUUGUGAGACCC,..((((((.((((((.{{.{{(((.(..)...))).(((((..[[[[[...))))).))))))..))))))...........}}}}.]]]]]
330,9,24,CCGCCCAGGGCCUAGGCAGCACGCGAAAUUAGGCGACGGGAGAGGGUCGGAUCCCGACUGGGCAGCUGGGCAAUUUGUAAUUUGUGAGACCC,..((((((.((((((.{.{{{(((.(..)...))).(((((..[[[[[...))))).))))))..))))))...........}}}}.]]]]]
331,9,25,CCGCCCAGGGCCUAGGCAGCACGCGAAAUUAGGCGACGGGAGAGGGUCGGAUCCCGACUGGGCAGCUGGGCAAUUUGUAAUUUGUGAGACCC,(.((((((.(((((..{.{{{(((.{.{{...)))..((((..[[[[[...))))...)))))..)))))).}}.}).....}}}}.]]]]]
332,9,26,CCGCCCAGGGCCUAGGCAGCACGCGAAAUUAGGCGACGGGAGAGGGUCGGAUCCCGACUGGGCAGCUGGGCAAUUUGUAAUUUGUGAGACCC,.<((((((.((((((..{.{{(((.(...)..))).(((((..[[[[[...))))).))))))..))))))(((..>..)))}}}..]]]]]
333,9,27,CCGCCCAGGGCCUAGGCAGCACGCGAAAUUAGGCGACGGGAGAGGGUCGGAUCCCGACUGGGCAGCUGGGCAAUUUGUAAUUUGUGAGACCC,.<((((((.((((((.{{.{{(((.(...)..))).(((((..[[[[[...))))).))))))..))))))(.(..>..).)}}}}.]]]]]
334,9,28,CCGCCCAGGGCCUAGGCAGCACGCGAAAUUAGGCGACGGGAGAGGGUCGGAUCCCGACUGGGCAGCUGGGCAAUUUGUAAUUUGUGAGACCC,.[((((((.((((((.{.{{{(((.(...)..))).((((.].[[[[[..[[)))){))))))..)))))).]].......}}}}}.]]]]]
335,9,29,CCGCCCAGGGCCUAGGCAGCACGCGAAAUUAGGCGACGGGAGAGGGUCGGAUCCCGACUGGGCAGCUGGGCAAUUUGUAAUUUGUGAGACCC,<.((((((.((((((.{{.{{(((........))).(((((..[[[[[...))))).))))))..))))))((((.>.))))}}}}.]]]]]
336,9,30,CCGCCCAGGGCCUAGGCAGCACGCGAAAUUAGGCGACGGGAGAGGGUCGGAUCCCGACUGGGCAGCUGGGCAAUUUGUAAUUUGUGAGACCC,.<((((((.((((((...{{{(((.(...)..))).((((.(.[[[[[...))))).))))))..))))))((((.>.))))}}}..]]]]]
337,9,31,CCGCCCAGGGCCUAGGCAGCACGCGAAAUUAGGCGACGGGAGAGGGUCGGAUCCCGACUGGGCAGCUGGGCAAUUUGUAAUUUGUGAGACCC,<.((((((.((((((.{{.{{(((..(..)..))).(((((..[[[[[...))))).))))))..))))))((((.>.))))}}}}.]]]]]
338,9,32,CCGCCCAGGGCCUAGGCAGCACGCGAAAUUAGGCGACGGGAGAGGGUCGGAUCCCGACUGGGCAGCUGGGCAAUUUGUAAUUUGUGAGACCC,{.(((((..((((((...[[[(((}[[[[[..)))<(((((..{{{{{...))))).))))))...)))))]]]]]..(.>)]]]..}}}}}
339,9,33,CCGCCCAGGGCCUAGGCAGCACGCGAAAUUAGGCGACGGGAGAGGGUCGGAUCCCGACUGGGCAGCUGGGCAAUUUGUAAUUUGUGAGACCC,[.(((((.]((((((.{.{{{(((.(...)..))).(((((..[[[[[..[))))).))))))...))))).(..)....].}}}}.]]]]]
340,9,34,CCGCCCAGGGCCUAGGCAGCACGCGAAAUUAGGCGACGGGAGAGGGUCGGAUCCCGACUGGGCAGCUGGGCAAUUUGUAAUUUGUGAGACCC,..((((((.((((((.{{.{{(((........))).(((((..[[[[[...)))))[))))))..)))))).(.)......]}}}}.]]]]]
341,9,35,CCGCCCAGGGCCUAGGCAGCACGCGAAAUUAGGCGACGGGAGAGGGUCGGAUCCCGACUGGGCAGCUGGGCAAUUUGUAAUUUGUGAGACCC,..((((((.((((((.{{.{{(((.[..(]).))).((((({{[[[[[...))))).))))))..))))))...}}......}}}}.]]]]]
342,9,36,CCGCCCAGGGCCUAGGCAGCACGCGAAAUUAGGCGACGGGAGAGGGUCGGAUCCCGACUGGGCAGCUGGGCAAUUUGUAAUUUGUGAGACCC,..((((((.((((((.{{...(((..{.....))).(((((..[[[[[...)))))[))))))..))))))..}......].}}...]]]]]
343,9,37,CCGCCCAGGGCCUAGGCAGCACGCGAAAUUAGGCGACGGGAGAGGGUCGGAUCCCGACUGGGCAGCUGGGCAAUUUGUAAUUUGUGAGACCC,..((((((.((((((.{{.{{(((......{.))).(((((..[[[[[...))))).))))))..)))))).(((...)))}}}}}.]]]]]
344,9,38,CCGCCCAGGGCCUAGGCAGCACGCGAAAUUAGGCGACGGGAGAGGGUCGGAUCCCGACUGGGCAGCUGGGCAAUUUGUAAUUUGUGAGACCC,<.((((((.((((((...{{{(((..(..)..))).(((((..[[[[[...))))).))))))..))))))((((.>.))))}}}..]]]]]
345,10,1,CCGCUGCGCUAGGGCAGCACACGAAAUUCGUGACGGGGAGGUCCGGUCCCCGACCUAGACGCAGCAAAAAGAAUUUGUGAGACC,(.(((((((((((.{.{{{(((((...))))).(((((([[[[...)))))).))))).)))))).....)....}}}}.]]]]
346,10,2,CCGCUGCGCUAGGGCAGCACACGAAAUUCGUGACGGGGAGGUCCGGUCCCCGACCUAGACGCAGCAAAAAGAAUUUGUGAGACC,..(((((((((((.{.{{{(((((...))))).(((((([[[[...)))))).))))).))))))..........}}}}.]]]]
347,10,3,CCGCUGCGCUAGGGCAGCACACGAAAUUCGUGACGGGGAGGUCCGGUCCCCGACCUAGACGCAGCAAAAAGAAUUUGUGAGACC,..((((((((((.(...[[((((.[[[[)))).(((((({{{{{..)))))).))))).)))))).....].]]]]].}.}}}}
348,10,4,CCGCUGCGCUAGGGCAGCACACGAAAUUCGUGACGGGGAGGUCCGGUCCCCGACCUAGACGCAGCAAAAAGAAUUUGUGAGACC,..(((((((((((...[[[((((.[[[[)))).(((((({{{{...)))))).))))).))))))...]..].]]]]]..}}}}
349,10,5,CCGCUGCGCUAGGGCAGCACACGAAAUUCGUGACGGGGAGGUCCGGUCCCCGACCUAGACGCAGCAAAAAGAAUUUGUGAGACC,..(((((((((((.[.[[[((((.[[[[)))).(((((({{{{...)))))).))))).))))))....]..]]]]]]].}}}}
350,10,5,CCGCUGCGCUAGGGCAGCACACGAAAUUCGUGACGGGGAGGUCCGGUCCCCGACCUAGACGCAGCAAAAAGAAUUUGUGAGACC,..(((((((((((......(((((...))))).((((((.......)))))).))))).))))))...................
351,10,5,CCGCUGCGCUAGGGCAGCACACGAAAUUCGUGACGGGGAGGUCCGGUCCCCGACCUAGACGCAGCAAAAAGAAUUUGUGAGACC,..............((.((........................................................)))).....
352,10,5,CCGCUGCGCUAGGGCAGCACACGAAAUUCGUGACGGGGAGGUCCGGUCCCCGACCUAGACGCAGCAAAAAGAAUUUGUGAGACC,................(............................................................)......
353,10,7,CCGCUGCGCUAGGGCAGCACACGAAAUUCGUGACGGGGAGGUCCGGUCCCCGACCUAGACGCAGCAAAAAGAAUUUGUGAGACC,..(((((((((((...[[[(((((...))))).(((((({{{{...)))))).))))).))))))..........]]]..}}}}
354,10,8,CCGCUGCGCUAGGGCAGCACACGAAAUUCGUGACGGGGAGGUCCGGUCCCCGACCUAGACGCAGCAAAAAGAAUUUGUGAGACC,<<(((((((((((.[.[[[(((..[[[[[))).(((((({{{{.>>)))))).))))).)))))).....]]]]]]]]].}}}}
355,10,9,CCGCUGCGCUAGGGCAGCACACGAAAUUCGUGACGGGGAGGUCCGGUCCCCGACCUAGACGCAGCAAAAAGAAUUUGUGAGACC,..(((((((((((...{{{(((((...))))).(((((([[[[...)))))).))))).))))))..........}}}..]]]]
356,10,10,CCGCUGCGCUAGGGCAGCACACGAAAUUCGUGACGGGGAGGUCCGGUCCCCGACCUAGACGCAGCAAAAAGAAUUUGUGAGACC,..(((((((((((.{.{{{(({((...)).)).(((((([[[[...)))))).))))).)))))).....}....}}}}.]]]]
357,10,11,CCGCUGCGCUAGGGCAGCACACGAAAUUCGUGACGGGGAGGUCCGGUCCCCGACCUAGACGCAGCAAAAAGAAUUUGUGAGACC,(.(((((((((((.{{.{{(((((...))))).(((((([[[[...)))))).))))).)))))).....)....}}}}.]]]]
358,10,12,CCGCUGCGCUAGGGCAGCACACGAAAUUCGUGACGGGGAGGUCCGGUCCCCGACCUAGACGCAGCAAAAAGAAUUUGUGAGACC,..(((((((((((...{{{(((((...))))).(((((([[[[...)))))).))))).))))))..........}}}..]]]]
359,10,13,CCGCUGCGCUAGGGCAGCACACGAAAUUCGUGACGGGGAGGUCCGGUCCCCGACCUAGACGCAGCAAAAAGAAUUUGUGAGACC,..(((((((((((.{.{{{(((((...))))).(((((([[[[...)))))).))))).))))))..........}}}}.]]]]
360,10,14,CCGCUGCGCUAGGGCAGCACACGAAAUUCGUGACGGGGAGGUCCGGUCCCCGACCUAGACGCAGCAAAAAGAAUUUGUGAGACC,..(((((((((((.{.{{{(((((...))))).(((((([[[[...)))))).))))).))))))..........}}}}.]]]]
361,10,15,CCGCUGCGCUAGGGCAGCACACGAAAUUCGUGACGGGGAGGUCCGGUCCCCGACCUAGACGCAGCAAAAAGAAUUUGUGAGACC,(.(((((((((((.{{.{{(((((...))))).(((((([[[[...)))))).))))).)))))).....)....}}}}.]]]]
362,10,16,CCGCUGCGCUAGGGCAGCACACGAAAUUCGUGACGGGGAGGUCCGGUCCCCGACCUAGACGCAGCAAAAAGAAUUUGUGAGACC,..(((((((((((...[[[((((([[[))))).(((((({{{{{..)))))).))))).)))))).......]]]]]]}.}}}}
363,10,17,CCGCUGCGCUAGGGCAGCACACGAAAUUCGUGACGGGGAGGUCCGGUCCCCGACCUAGACGCAGCAAAAAGAAUUUGUGAGACC,..(((((((((((...{{{((((.....)))).(((((([[[[...)))))).))))).))))))..........}}}..]]]]
364,10,18,CCGCUGCGCUAGGGCAGCACACGAAAUUCGUGACGGGGAGGUCCGGUCCCCGACCUAGACGCAGCAAAAAGAAUUUGUGAGACC,..(((((((((((...[[[(((..[[[[[))).(((((({{{{{..)))))).))))).)))))).....]]]]]]]]}.}}}}
365,10,19,CCGCUGCGCUAGGGCAGCACACGAAAUUCGUGACGGGGAGGUCCGGUCCCCGACCUAGACGCAGCAAAAAGAAUUUGUGAGACC,..(((((((((((.{.{{{(((((...))))).(((((([[[[...)))))).))))).))))))..........}}}}.]]]]
366,10,20,CCGCUGCGCUAGGGCAGCACACGAAAUUCGUGACGGGGAGGUCCGGUCCCCGACCUAGACGCAGCAAAAAGAAUUUGUGAGACC,..(((((((((((.{.{{{((((.....)))).(((((([[[[...)))))).))))).))))))..........}}}}.]]]]
367,10,21,CCGCUGCGCUAGGGCAGCACACGAAAUUCGUGACGGGGAGGUCCGGUCCCCGACCUAGACGCAGCAAAAAGAAUUUGUGAGACC,<.(((((((((((.{.{{{(((((...))))).(((((([[[[...)))))).))))).)))))).((..>..))}}}}.]]]]
368,10,22,CCGCUGCGCUAGGGCAGCACACGAAAUUCGUGACGGGGAGGUCCGGUCCCCGACCUAGACGCAGCAAAAAGAAUUUGUGAGACC,..(((((((((((.{.{{{(((((...))))).(((((([[[[...)))))).))))).))))))..........}}}}.]]]]
369,10,23,CCGCUGCGCUAGGGCAGCACACGAAAUUCGUGACGGGGAGGUCCGGUCCCCGACCUAGACGCAGCAAAAAGAAUUUGUGAGACC,..((((((((((.(..[[[(((..[[[[[))).(((((({{{{{..)))))).))))).)))))).....]]]]]]]]}.}}}}
