,Unnamed: 0.6,Unnamed: 0.5,Unnamed: 0.4,Unnamed: 0.3,Unnamed: 0.2,Unnamed: 0.1,Unnamed: 0,sequence,steps
0,0.0,0.0,0.0,0.0,0.0,0.0,0.0,AGUCAGGCCUC--GUUCACA--GGGCCACGUGG-CAU----AAU-----UUA---UUACGUGCUGCCUG-----------GUUGU,50000
1,1.0,1.0,1.0,1.0,1.0,1.0,1.0,UGUCAGGCCUGG-AAAUC---CCAGCCACCGG---------AAA-----ACGCG--CCGGUGCAGCCUG-----------UUUUU,50000
2,2.0,2.0,2.0,2.0,2.0,2.0,2.0,AGUCAGGCCCA--AUC------UGGCCACGAAAU-------GCUCG---UU---GUUUCGUGCUGCCUGUU-------CGAGCGA,50000
3,3.0,3.0,3.0,3.0,3.0,3.0,3.0,UGUCAGGCCG---GUCA------CGCCACUUA--CAC----GUUU----UCU----UAAGUGCAGCCUG----------AAGCUC,50000
4,4.0,4.0,4.0,4.0,4.0,4.0,4.0,AGUCAGGCCAC--AUU------GUGCUACGCU--C------UCG-----AUCA---AGCGUGCUGCCUGUUAUGC-----UGAGG,50000
5,5.0,5.0,5.0,5.0,5.0,5.0,5.0,UGUCAGGCCC---UCUCUA----GGCCACA----AUAA---UAUU----AAGAC----UGUGCAGCCUG----------AAUAGU,50000
6,6.0,6.0,6.0,6.0,6.0,6.0,6.0,UGUCAGGCCCA--UUA------UGGCCACGACG-GUAU---AAG-----A-----CGUCGUGCAGCCUG-----------UUUUU,50000
7,7.0,7.0,7.0,7.0,7.0,7.0,7.0,UGUCAGGCCCG--GAUUAG---CGGCCACCCUC-GA-----AAA-----A-----GAGGGUGCAGCCUG-----------UUUUU,50000
8,8.0,8.0,8.0,8.0,8.0,8.0,8.0,UGUCAGGCCCGC-AUU-----GUGGCCACGGAG-C------AAA-----UC----CUCCGUGCAGCCUG-----------UUUUU,50000
9,9.0,9.0,9.0,9.0,9.0,9.0,9.0,AGUCAGGCCG---AUCCUU----CGCCACGUC--GU-----UUC-----CCA----GAUGUGCUGCCUGU----------GAAAA,50000
10,10.0,10.0,10.0,10.0,10.0,10.0,10.0,UGUCAGGCCGU--AACC-----GCGCCACGGA--U------CAA-----AGCUU--UUCGUGCAGCCUG-----------UUGUU,50000
11,11.0,11.0,11.0,11.0,11.0,11.0,11.0,AGUCAGGCCGCG-GAAGGA--CGCGCCACCGAG--------ACU-----AACCA-CUUGGUGCUGCCUGUGA--------AGUUU,50000
12,12.0,12.0,12.0,12.0,12.0,12.0,12.0,UGUCAGGCCG---AACCUAC---CGCCACAA---UGUUA--UAG-----UC------UUGUGCAGCCUG-----------CUAGG,50000
13,13.0,13.0,13.0,13.0,13.0,13.0,13.0,UGUCAGGCCCGU-UAC-----GCGGCCACGUAG-GA-----GAG-----AA----CUACGUGCAGCCUG-----------UUUUU,50000
14,14.0,14.0,14.0,14.0,14.0,14.0,14.0,UGUCAGGCCCG--GUCG-----CGGCCACCGCC-AC-----AAA-----A-----GGCGGUGCAGCCUG-----------UUUUU,50000
15,15.0,15.0,15.0,15.0,15.0,15.0,15.0,UGUCAGGCCC---UUCAU-----GGCCACG----UUACA--UUC-----UUAU-----CGUGCAGCCUGAAAU-------GAACA,50000
16,16.0,16.0,16.0,16.0,16.0,16.0,16.0,UGUCAGGCCUAG-UAAU----CUGGCCACGUA--ACU----AAA-----CC-----UACGUGCAGCCUG-----------UUUUU,50000
17,17.0,17.0,17.0,17.0,17.0,17.0,17.0,UGUCAGGCC----AACCCCC----GCCACGUGA-AU-----GAA-----C-----UUACGUGCAGCCUGUUUUU------UUCUA,50000
18,18.0,18.0,18.0,18.0,18.0,18.0,18.0,UGUCAGGCCCCU-GUAG----AGGGCCACCCGC-G------GAA-----UG----GCGGGUGCAGCCUG-----------UUUUU,50000
19,19.0,19.0,19.0,19.0,19.0,19.0,19.0,UGUCAGGCCGG--AAAU-----CCGCCACGAGC-GA-----GAG-----A-----GUUCGUGCAGCCUG-----------UUUUC,50000
20,20.0,20.0,20.0,20.0,20.0,20.0,,AGUCAGGCCGAG-AACAC---CUCGCCACUGAUCA------UCU-----C----GGUCAGUGCUGCCUGU----------GGAAA,50000
21,21.0,21.0,21.0,21.0,21.0,21.0,,AGUCAGGCCG---AGAAC-----CGCCACGU---ACUAU--GUCC----AA------AUGUGCUGCCUGUG--------GGAUAG,50000
22,22.0,22.0,22.0,22.0,22.0,22.0,,UGUCAGGCCGG--UCCCU----CCGCCACGACC-CAGA---AAA-----A-----GGUCGUGCAGCCUG-----------UUUUU,50000
23,23.0,23.0,23.0,23.0,23.0,23.0,,UGUCAGGCCCC--AUUC-----GGGCCACGUC--GCC----AGA-----UA-----GACGUGCAGCCUG-----------UUUUU,100000
24,24.0,24.0,24.0,24.0,24.0,24.0,,AGUCAGGCCAC--GAAAA----GUGCCACUCG--U------UUUA----CCCUU--CGAGUGCUGCCUG----------UGAAAG,100000
25,25.0,25.0,25.0,25.0,25.0,25.0,,UGUCAGGCCC---UACU------GGCCACG----AUU----AGAC----UUAUA----CGUGCAGCCUGC---------GUUUCC,100000
26,26.0,26.0,26.0,26.0,26.0,26.0,,UGUCAGGCCC---UAUUU-----GGCCACCCCU--------AAA-----CAACC-AGGGGUGCAGCCUG-----------UUUUU,100000
27,27.0,27.0,27.0,27.0,27.0,27.0,,UGUCAGGCCGA--AUAC-----UCGCCACGAC--U------AAA-----AGCC---GUCGUGCAGCCUG-----------UUUUU,100000
28,28.0,28.0,28.0,28.0,28.0,28.0,,UGUCAGGCCG---AACGU-----CGCCACUG---GAA----CCG-----CAUA----CAGUGCAGCCUG-----------UGGGC,100000
29,29.0,29.0,29.0,29.0,29.0,29.0,,UGUCAGGCCUU--UCAAU----AAGCCACGCA--G------AAUUU---GA-----UGCGUGCAGCCUGGG-------AGAUUCG,100000
30,30.0,30.0,30.0,30.0,30.0,30.0,,UGUCAGGCCCCG-UAUCU---CGGGCCACGUG--GAA----AGG-----AA-----CACGUGCAGCCUG-----------UUUUU,100000
31,31.0,31.0,31.0,31.0,31.0,31.0,,UGUCAGGCCCGG-UAUGGU--UCGGCCACCUGG-AU-----AAA-----C-----CCAGGUGCAGCCUG-----------UUUUU,100000
32,32.0,32.0,32.0,32.0,32.0,32.0,,AGUCAGGCCGG--GAAAA----CCGCCACCAUC-G------CCG-----AAA---GAUGGUGCUGCCUG-----------UGGAA,100000
33,33.0,33.0,33.0,33.0,33.0,33.0,,UGUCAGGCCUAUAGAAUA--UAUAGCCACUC---AAUUA--AAA-----CCCC----GAGUGCAGCCUG-----------UUUUU,100000
34,34.0,34.0,34.0,34.0,34.0,34.0,,UGUCAGGCCUGGCAUUC---GUCGGCCACGUGG-AC-----AAG-----AAC---CCACGUGCAGCCUG-----------UUUUU,100000
35,35.0,35.0,35.0,35.0,35.0,35.0,,UGUCAGGCCUAC-GAAA----GUAGCCACCGCC-G------GAG-----UG----GGCGGUGCAGCCUG-----------UUUUU,100000
36,36.0,36.0,36.0,36.0,36.0,36.0,,UGUCAGGCCUAC-GAAAAA--GUAGCCACCGUCG-------GAA-----GAG--CGACGGUGCAGCCUG-----------UUUUU,100000
37,37.0,37.0,37.0,37.0,37.0,37.0,,UGUCAGGCCUAGGGAAG---CCUAGCCACCCUUC-------GGA-----G----GGAGGGUGCAGCCUG-----------UUUUU,100000
38,38.0,38.0,38.0,38.0,38.0,38.0,,UGUCAGGCCGG--AAU------CCGCCACGACUC-------GAA-----G----GAGUCGUGCAGCCUG-----------UUUUU,100000
39,39.0,39.0,39.0,39.0,39.0,39.0,,UGUCAGGCCGG--UCCCU----CCGCCACACC--GA-----AAA-----AAAA---GGUGUGCAGCCUG-----------UUUUU,100000
40,40.0,40.0,40.0,40.0,40.0,40.0,,UGUCAGGCCCAG-AUUC----CUGGCCACCCCGC-------GAA-----AUA--GUGGGGUGCAGCCUG-----------UUUUU,100000
41,41.0,41.0,41.0,41.0,41.0,41.0,,UGUCAGGCCCC--GAAA-----GGGCCACUC---UUCCCG-AAUG----U-------GAGUGCAGCCUG----------UGUUUU,100000
42,42.0,42.0,42.0,42.0,42.0,42.0,,UGUCAGGCCGAU-UUA-----AUCGCCACCAG--AUC----AAG-----CC-----CUGGUGCAGCCUG-----------UUUUU,100000
43,43.0,43.0,43.0,43.0,43.0,43.0,,UGUCAGGCCGC--AAAUAAA--GCGCCACGACC--------AAA-----UAC---GGUCGUGCAGCCUG-----------UUUUU,100000
44,44.0,44.0,44.0,44.0,44.0,44.0,,UGUCAGGCCGA--AUAC-----UCGCCACGAAC-UG-----AAA-----U-----GUUCGUGCAGCCUG-----------UUUUU,100000
45,45.0,45.0,45.0,45.0,45.0,45.0,,UGUCAGGCCCUC-GUUCG---GAGGCCACCCCGG-------GAG-----CGGA-CCGGGGUGCAGCCUG-----------UUUUU,100000
46,46.0,46.0,46.0,46.0,46.0,46.0,,AGUCAGGCCCGG-GAAGUA--CCGGCCACCCGC-U------UUA-----GAUC--GUGGGUGCUGCCUG-----------UGAAA,100000
47,47.0,47.0,47.0,47.0,47.0,47.0,,UGUCAGGCCCG--GAUCG----CGGCCACGGCG-GC-----AAA-----AUA---CGCCGUGCAGCCUG-----------UUUUU,100000
48,48.0,48.0,48.0,48.0,48.0,,,UGUCAGGCCCAG-AAUUUCG-CUGGCCACCGC--UAAA---AGA-----U------GCGGUGCAGCCUG-----------UUUUU,100000
49,49.0,49.0,49.0,49.0,49.0,,,UGUCAGGCCUUC-UGUAAU--GGAGCCACUAC--UA-----AAA-----UCGU---GUAGUGCAGCCUGU----------UUUUU,100000
50,50.0,50.0,50.0,50.0,50.0,,,UGUCAGGCCCGC-AUU-----GUGGCCACCCUA-UUU----AAA-----CU----UAGGGUGCAGCCUG-----------UUUUU,100000
51,51.0,51.0,51.0,51.0,51.0,,,UGUCAGGCCU---UUUGAUA---AGCCACGU---UUAAC--CUC-----CC------AUGUGCAGCCUGU----------GAGUA,100000
52,52.0,52.0,52.0,52.0,52.0,,,UGUCAGGCCC---UAAU------GGCCACCGUA-UU-----AAA-----U-----UGCGGUGCAGCCUG-----------UUUUU,100000
53,53.0,53.0,53.0,53.0,53.0,,,UGUCAGGCCUC--GAAGUA---GAGCCACCUAC--------GAAG----AA----GUGGGUGCAGCCUG----------UUUUUU,100000
54,54.0,54.0,54.0,54.0,54.0,,,AGUCAGGCCGGU-AAAUCC--GCCGCCACCUCG-UC-----UUG-----UU----CGAGGUGCUGCCUG-----------UGAAA,100000
55,55.0,55.0,55.0,55.0,55.0,,,AGUCAGGCCGUG-AAC-----CGCGCCACGAGC-AUU----UUA-----C-----GCUCGUGCUGCCUG-----------UGAAA,100000
56,56.0,56.0,56.0,56.0,56.0,,,AGUCAGGCCGG--AAUCC----CCGCCACGUC--ACAA---CCA-----A------GACGUGCUGCCUG-----------UGGAA,100000
57,57.0,57.0,57.0,57.0,57.0,,,AGUCAGGCCAGCGAAAAC--CGCUGCCACCCC--GAG----UUUA----A------GGGGUGCUGCCUG----------UGGAAA,100000
58,58.0,58.0,58.0,58.0,58.0,,,UGUCAGGCCCG--AAUUCC---CGGCCACCGUC--------GAA-----CUA---GACGGUGCAGCCUG-----------UUUUU,100000
59,59.0,59.0,59.0,59.0,59.0,,,AGUCAGGCCUGUUCCGUC--AACAGCCACC----CACA---UUCG----CCUA-----GGUGCUGCCUG----------UGAAGA,100000
60,60.0,60.0,60.0,60.0,60.0,,,UGUCAGGCCCG--UAA------CGGCUACUAG--UC-----CCC-----CAC----CUGGUGCAGCCUG-----------GGGUG,100000
61,61.0,61.0,61.0,61.0,61.0,,,UGUCAGGCCGA--UUAAUU---UCGCCACCGG---------GAA-----UUCAA--CUGGUGCAGCCUG-----------UUUUU,100000
62,62.0,62.0,62.0,62.0,62.0,,,UGUCAGGCCCAC-UAUGU---GUGGCCACGAAC-A------AAG-----UCCG--GUUCGUGCAGCCUG-----------UUUUU,100000
63,63.0,63.0,63.0,63.0,63.0,,,UGUCAGGCCG---AUUAC-----CGCCACGU----------UAUUU---UCUCC---GCGUGCAGCCUGGUU------GAGUAUU,100000
64,64.0,64.0,64.0,64.0,64.0,,,AGUCAGGCCCCA-GUUACG--UGGGCCACCAC--U------UUUU----UCCCU--GUGGUGCUGCCUGUG--------AAAAAA,100000
65,65.0,65.0,65.0,65.0,65.0,,,UGUCAGGCCCAC-GAAG----GUGGCCACCGU---------GAG-----UUGGG--ACGGUGCAGCCUG-----------UUUUU,100000
66,66.0,66.0,66.0,66.0,66.0,,,AGUCAGGCCAC--AAUC-----GUGCCACUUG--UUAA---UCG-----A------CAAGUGCUGCCUG-----------UGAGA,100000
67,67.0,67.0,67.0,67.0,67.0,,,AGUCAGGCCAUAUUAAU---AUGUGCCACCGUU-G------UUUU----A-----GAUGGUGCUGCCUGUGAA------AAAAAG,100000
68,68.0,68.0,68.0,68.0,68.0,,,UGUCAGGCCUGAGACC----CUCAGCCACUGC--AA-----AAAG----AC-----GUAGUGCAGCCUG----------UUUUUC,100000
69,69.0,69.0,69.0,69.0,69.0,,,UGUCAGGCCUCU-CAUCG---AGAGCCACACGUAGG-----AGA-----G----UACGUGUGCAGCCUGUU---------UUUCU,100000
70,70.0,70.0,70.0,70.0,70.0,,,AGUCAGGCCCCG-UAUU----CGGGCCACGAGUCU------UUA-----UU---GAUUCGUGCUGCCUG-----------UGAAA,100000
71,71.0,71.0,71.0,71.0,71.0,,,AGUCAGGCCAC--GAAUAA---GUGCCACCUCC-UG-----UCA-----U-----GGAGGUGCUGCCUG-----------UGAAA,100000
72,72.0,72.0,72.0,72.0,72.0,,,UGUCAGGCCUC--GUAAAG---GAGCCACCC---GAAAAGUAAA-----AA------GGGUGCAGCCUG-----------UUUUC,100000
73,73.0,73.0,73.0,73.0,73.0,,,UGUCAGGCCCG--UUCU-----CGGCCACCGC--AU-----AAAA----CC-----GCGGUGCAGCCUG----------UUUUUU,100000
74,74.0,74.0,74.0,74.0,74.0,,,UGUCAGGCCCGG-GAUG----CCGGCCACCCC--UGAG---AAG-----U------GGGGUGCAGCCUG-----------UUUUU,100000
75,75.0,75.0,75.0,75.0,75.0,,,UGUCAGGCCUCC-GUUA----GGAGCCACCCC--ACGG---AAA-----A------GGGGUGCAGCCUG-----------UUUUU,100000
76,76.0,76.0,76.0,76.0,76.0,,,AGUCAGGCCCUC-UAAU----GAGGCCACCCCG-GACU---UUA-----A-----CGGGGUGCUGCCUG-----------UGAAA,100000
77,77.0,77.0,77.0,77.0,77.0,,,AGUCAGGCCGGG-UUU-----CCCGCCACCC---UU-----UUA-----UUUCU---GGGUGCUGCCUG-----------UGGAA,100000
78,78.0,78.0,78.0,78.0,78.0,,,AGUCAGGCCGGU-GCUA----ACCGCCACGGGG-CUCG---UCC-----U-----CCCCGUGCUGCCUGU----------GGAAG,100000
79,79.0,79.0,79.0,79.0,79.0,,,AGUCAGGCCAC--UUUUUU---GUGCCACCGG---------UUU-----CCCCU--CCGGUGCUGCCUGU----------GAAAA,100000
80,80.0,80.0,80.0,80.0,80.0,,,AGUCAGGCCGU--UUUU-----GCGCCACAAC--U------UUC-----CACC---GUUGUGCUGCCUGU----------GAAAA,100000
81,81.0,81.0,81.0,81.0,81.0,,,AGUCAGGCCCCG-UAACAU--UGGGCCACCUGGGA------UUA-----G----CCCGGGUGCUGCCUG-----------UGAAA,100000
82,82.0,82.0,82.0,82.0,82.0,,,AGUCAGGCCACU-UCUUUU--AGUGCCACGAC--U------UUA-----ACUU---GUCGUGCUGCCUG-----------UGAAA,100000
83,83.0,83.0,83.0,83.0,83.0,,,UGUCAGGCCCGC-GUUA----GCGGCCACGUCUC-------GAG-----UUG--GGGGCGUGCAGCCUG-----------UUUUU,100000
84,84.0,84.0,84.0,84.0,84.0,,,UGUCAGGCCGG--AAAAG----CCGCCACCUAGC-------GAA-----G----GCUAGGUGCAGCCUG-----------UUUUU,100000
85,85.0,85.0,85.0,85.0,85.0,,,AGUCAGGCCCG--AAUC-----CGGCCACGCC--CCGU---UCC-----GAAA---GGUGUGCUGCCUGUG---------GGAAA,100000
86,86.0,86.0,86.0,86.0,86.0,,,UGUCAGGCCCC--GUUCA----GGGCCACCGC---------AAA-----CAACA--GCGGUGCAGCCUG-----------UUUUU,100000
87,87.0,87.0,87.0,87.0,87.0,,,UGUCAGGCCCC--GUAGA----GGGCCACGGAC-A------AAG-----AC----GUCCGUGCAGCCUG-----------UUUUU,100000
88,88.0,88.0,88.0,88.0,88.0,,,UGUCAGGCCCAC-GAAA----GUGGCCACGGUC--------AAAGG---ACA---GACCGUGCAGCCUG---------UUUUUUU,100000
89,89.0,89.0,89.0,89.0,89.0,,,UGUCAGGCCGAU-UAA-----GUCGCCACCGCUG-------GAA-----UA---CGGCGGUGCAGCCUGU----------UUUUU,100000
90,90.0,90.0,90.0,90.0,90.0,,,AGUCAGGCCACA-GAAAA---UGUGCCACCGCUCCC-----UUC-----AA---GAGCGGUGCUGCCUGU----------GAAAG,100000
91,91.0,91.0,91.0,91.0,91.0,,,UGUCAGGCCCGC-AAU-----GCGGCCACCUAG-G------AGA-----UGAA--CUGGGUGCAGCCUG-----------UUUUU,100000
92,92.0,92.0,92.0,92.0,92.0,,,UGUCAGGCCCA--GAAAAAA--UGGCCACCCAGCGA-----GCA-----AA---GCUGGGUGCAGCCUG-----------UGUUU,100000
93,93.0,93.0,93.0,93.0,93.0,,,AGUCAGGCCGC--GUAA-----GCGCUACCCA--CGCCG--UUU-----UAA----UGGGUGCUGCCUG-----------AGACG,100000
94,94.0,94.0,94.0,94.0,94.0,,,AGUCAGGCCGUC-AUCC----GACGCCACGA---UUC----UUUA----CCU-----UCGUGCUGCCUG----------UGAAAG,100000
95,95.0,95.0,95.0,95.0,95.0,,,UGUCAGGCCCG--UAUGU----CGGCCACCCGGCA------AGA-----AC---GCCGGGUGCAGCCUG-----------UUUUU,100000
96,96.0,96.0,96.0,96.0,96.0,,,AGUCAGGCCAUG-UAU-----CAUGCCACAG---AGUU---GACG----CCUCG---CUGUGCUGCCUGUA--------UGUUCU,100000
97,97.0,97.0,97.0,97.0,97.0,,,AGUCAGGCCCUC-GUAA----GAGGCCACACG---------UUA-----UCUCU--CGUGUGCUGCCUG-----------UGGAA,100000
98,98.0,98.0,98.0,98.0,,,,AGUCAGGCCGC--UCUAU----GCGCCACGU---UCCG---CCCA----ACAUU---AUGUGCUGCCUGAA--------UGGGAG,50000
99,99.0,99.0,99.0,99.0,,,,AGUCAGGCCGGA-AAA-----UCCGCCACUCU--AAC----CUG-----CCA----AGAGUGCUGCCUG-----------UGGAA,50000
100,100.0,100.0,100.0,100.0,,,,AGUCAGGCCA---UCAUAU----UGCCACGGG--G------AAU-----UUUG---UCCGUGCUGCCUG-----------GUUGA,50000
101,101.0,101.0,101.0,101.0,,,,UGUCAGGCCUC--GUUA-----GAGCCACGUGG-GA-----AAAG----AG----CCGCGUGCAGCCUG----------UUUUUU,50000
102,102.0,102.0,102.0,102.0,,,,AGUCAGGCC----UUCAAU-----GCCACGUA--UUU----AAUUU---U------UGCGUGCUGCCUGUAGA-----GAGUUUU,50000
103,103.0,103.0,103.0,103.0,,,,UGUCAGGCCGG--AUUUG----CCGCCACGUC--GCA----GAA-----AA-----GACGUGCAGCCUG-----------UUUUU,50000
104,104.0,104.0,104.0,104.0,,,,UGUCAGGCCCGCUCAU----AGCGGCCACGAG--GGG----AAGA----A------CUCGUGCAGCCUG----------UUUUUU,50000
105,105.0,105.0,105.0,105.0,,,,UGUCAGGCCGA--CUAAC----UCGCCACC----AAG----UCAU----AUUAC----GGUGCAGCCUGUC--------AUGGUA,50000
106,106.0,106.0,106.0,106.0,,,,UGUCAGGCCCU--UAG------AGGCCACC----AUCA---CAA-----UUCCU----GGUGCAGCCUG-----------UUGAA,50000
107,107.0,107.0,107.0,107.0,,,,UGUCAGGCCGC--CUAUUA---GCGCCACUC---UUA----GUUCC---GGAC----GAGUGCAGCCUG---------GGAGCGC,50000
108,108.0,108.0,108.0,108.0,,,,UGUCAGGCCCG--UAUUU----CGGCCACACG--UAA----AGAA----U------CGUGUGCAGCCUG----------UUUUUU,50000
109,109.0,109.0,109.0,109.0,,,,UGUCAGGCCGA--UAAAU----UCGCCACGAG--ACAA---GAA-----C------CUCGUGCAGCCUG-----------UUUUU,50000
110,110.0,110.0,110.0,110.0,,,,AGUCAGGCCACU-GUGUAUA-AGUGCCACGAAGGC------UCA-----A----CCUUCGUGCUGCCUG-----------UGAAA,50000
111,111.0,111.0,111.0,111.0,,,,UGUCAGGCCUGUGAAG----CACAGCUACGGUU-C------GGU-----UAA---AGCCGUGCAGCCUGCG---------GCUGA,50000
112,112.0,112.0,112.0,112.0,,,,UGUCAGGCCGG--AAUCG----CCGCCACUGG--GAC----AAA-----AA-----CUAGUGCAGCCUG-----------UUUUU,50000
113,113.0,113.0,113.0,113.0,,,,UGUCAGGCCCGU-GUAG----ACGGCCACGUGC-A------GAG-----AA----GUACGUGCAGCCUG-----------UUUUU,50000
114,114.0,114.0,114.0,114.0,,,,UGUCAGGCCUGG-GAUUA---CCGGCCACCUC--UCC----GGA-----CU-----GAGGUGCAGCCUG-----------UUUUU,50000
115,115.0,115.0,115.0,115.0,,,,UGUCAGGCCC---UUAUUU----GGCCACUCCA-GCCA---AAA-----A-----UGGAGUGCAGCCUG-----------UUUUU,50000
116,116.0,116.0,116.0,116.0,,,,UGUCAGGCCCAG-UAAUU---UUGGCCACGUC--AGA----GAA-----AG-----GACGUGCAGCCUG-----------UUUUU,50000
117,117.0,117.0,117.0,117.0,,,,AGUCAGGCCCG--CAAAUC---UGGCCACGUGU--------UUG-----CACCU-AUAUGUGCUGCCUGUU---------UGAAG,50000
118,118.0,118.0,118.0,118.0,,,,UGUCAGGCCGA--UUAGU----UCGCCACCGC--AC-----AAA-----CCA----GCGGUGCAGCCUG-----------UUUUU,50000
119,119.0,119.0,119.0,119.0,,,,UGUCAGGCCC---AUACUC----GGCCACUUCC--------UCU-----GCU---GGAAGUGCAGCCUG-----------AGGAC,50000
120,120.0,120.0,120.0,120.0,,,,UGUCAGGCCUC--UAAU-----GAGCCACGGG---------GAA-----UGUAA--CCCGUGCAGCCUGU----------UUUUU,50000
121,121.0,121.0,121.0,121.0,,,,AGUCAGGCCGUG-AUAU----CACGCCACCGUAU-------GCC-----A----AUGCGGUGCUGCCUGUG---------GGUUU,50000
122,122.0,122.0,122.0,122.0,,,,AGUCAGGCC----UUUUCU-----GCCACGCCU-UU-----AAA-----CCCU--AGGUGUGCUGCCUGUG---------UUUUU,50000
123,123.0,123.0,123.0,123.0,,,,UGUCAGGCCCG--GAUUGG---CGGCUACCC---GUGAA--GCAG----G-------GGGUGCAGCCUG----------CUGUUA,50000
124,124.0,124.0,124.0,124.0,,,,AGUCAGGCCCC--GUUA-----GGGCCACUUU---------UUUUCAG-U------GGAGUGCUGCCUGGG-----UUGGAGGUU,50000
125,125.0,125.0,125.0,125.0,,,,AGUCAGGCCAGC-UUAC----GCUGCCACUCCC-G------UCC-----UG----GGGAGUGCUGCCUGU----------GGAAA,50000
126,126.0,126.0,126.0,126.0,,,,UGUCAGGCCUCA-UAUU----UGAGCCACGGC---------AAA-----UUUAC--GUCGUGCAGCCUG-----------UUUUU,50000
127,127.0,127.0,127.0,127.0,,,,AGUCAGGCCGG--UUAAACC--CCGCUACGU---UUAAAU-GCU-----C-------ACGUGCUGCCUGUGCUUC-----AGUUC,50000
128,128.0,128.0,128.0,128.0,,,,AGUCAGGCCAC--UUUU-----GUGCCACCCGC-GAC----UUA-----A-----GCGGGUGCUGCCUG-----------UGAAA,50000
129,129.0,129.0,129.0,129.0,,,,UGUCAGGCCUC--GAUCCA---GAGCCACCGC---------AAA-----UAAAC--GCGGUGCAGCCUG-----------UUUUU,50000
130,130.0,130.0,130.0,130.0,,,,AGUCAGGCCACU-GUUA----AGUGCCACCCUAG-------UCU-----UAAU-CUGGGGUGCUGCCUGUG---------AGAAG,50000
131,131.0,131.0,131.0,131.0,,,,UGUCAGGCCC---CGGUC-----GGCCACUUUG--------UUC-----UGU---CGAAGUGCAGCCUG-----------GAAUA,50000
132,132.0,132.0,132.0,132.0,,,,UGUCAGGCC----AACGUA-----GCCACC----GAGC---CAU-----CAAAA----GGUGCAGCCUGU----------GUGUG,50000
133,133.0,133.0,133.0,133.0,,,,AGUCAGGCCAUG-UCCU----CGUGCCACGACG-U------UUG-----UU----CGUCGUGCUGCCUG-----------UGAAA,50000
134,134.0,134.0,134.0,134.0,,,,UGUCAGGCCGA--AAUAAC---UCGCUACA----AAUCUACUCUC----C--------UGUGCAGCCUG----------GAGGCG,50000
135,135.0,135.0,135.0,135.0,,,,UGUCAGGCCCC--UCGU-----GGGCCACGGC---------AAAG----UCAC---GCCGUGCAGCCUG----------UUUUUU,50000
136,136.0,136.0,136.0,136.0,,,,AGUCAGGCCAC--GAAA-----GUGCCACUCC--CACG---UUC-----C------GGAGUGCUGCCUGU----------GAAAG,50000
137,137.0,137.0,137.0,137.0,,,,UGUCAGGCCUC--UAUCU----GAGCCACCCCC--------UGAA----CU----GGGGGUGCAGCCUGUU--------UUUGUC,50000
138,138.0,138.0,138.0,138.0,,,,AGUCAGGCCGGA-UAAGU---UCCGCCACGGUC-U------UUCG----UC----GACCGUGCUGCCUG----------UGGAAG,50000
139,139.0,139.0,139.0,139.0,,,,UGUCAGGCCCU--GUUCA----AGGCCACUCCCU-------GGA-----G----GGGGAGUGCAGCCUG-----------UUUUU,50000
140,140.0,140.0,140.0,140.0,,,,AGUCAGGCCGC--ACC------GCGCCACUUC--U------CGAU----GUAU---GAAGUGCUGCCUG----------GUCGUA,50000
141,141.0,141.0,141.0,141.0,,,,UGUCAGGCCGA--GUCA-----UCGCCACCUC--ACG----AAA-----AA-----GAGGUGCAGCCUG-----------UUUUU,50000
142,142.0,142.0,142.0,142.0,,,,UGUCAGGCCUGG-AUA-----CCGGCCACCA---GAAGUU-UACC----A-------UGGUGCAGCCUGG---------GGUAGU,50000
143,143.0,143.0,143.0,143.0,,,,UGUCAGGCCCC--GUUA-----GGGCCACCAC--GGAAAAAAAA-----A------GUGGUGCAGCCUG-----------UUUUU,50000
144,144.0,144.0,144.0,144.0,,,,UGUCAGGCCCCG-UUUCACU-CGGGCCACGAGC-U------AAAG----U-----GUUCGUGCAGCCUG----------UUUUUU,50000
145,145.0,145.0,145.0,145.0,,,,AGUCAGGCCGAC-GUAC----GUCGCCACCGG--GGU----UUA-----UGA----CCGGUGCUGCCUG-----------UGGAA,50000
146,146.0,146.0,146.0,146.0,,,,UGUCAGGCCCAG-UUAU----CUGGCCACAUGAC-------GGG-----G----GUCAUGUGCAGCCUG-----------UUUUU,50000
147,147.0,147.0,147.0,147.0,,,,AGUCAGGCCG---GAGAA-----CGCCACA----AUCAA--GAC-----UUUA-----UGUGCUGCCUGUU---------GUCGG,50000
148,148.0,148.0,148.0,,,,,AGUCAGGCCG---GAAA------CGCCACUCG--GAGA---AGG-----A------UGAGUGCUGCCUG-----------CUUUU,100000
149,149.0,149.0,149.0,,,,,UGUCAGGCCUC--UAUCU----GAGCCACCGC--AA-----AAA-----CCGA---GCGGUGCAGCCUGU----------UUUUU,100000
150,150.0,150.0,150.0,,,,,AGUCAGGCCGUC-AAU-----GACGCCACCUGC-A------UUUA----A-----GUAGGUGCUGCCUG----------UGGAAG,100000
151,151.0,151.0,151.0,,,,,UGUCAGGCCG---AGAAAC----CGCCACAUUG-AUC----GUC-----CC----CGAUGUGCAGCCUGUAA--------GGCAG,100000
152,152.0,152.0,152.0,,,,,UGUCAGGCCCGG-GAUA----CUGGCCACCUAGCA------AAA-----CCA--GCUAGGUGCAGCCUG-----------UUUUU,100000
153,153.0,153.0,153.0,,,,,UGUCAGGCCGG--UCUCU----CCGCCACGUC---------GAAG----CAAG---GACGUGCAGCCUG----------UUUUUG,100000
154,154.0,154.0,154.0,,,,,UGUCAGGCCCC--GUUAA----GGGCCACCUACCGG-----AAA-----A----GGUAGGUGCAGCCUG-----------UUUUU,100000
155,155.0,155.0,155.0,,,,,UGUCAGGCCCG--UAUU-----CGGCCACGGUG-GGUU---AAA-----A-----CACCGUGCAGCCUG-----------UUUUU,100000
156,156.0,156.0,156.0,,,,,UGUCAGGCCC---UAAU------GGCCACCUUGC-------GAA-----CGA--GCGAGGUGCAGCCUG-----------UUUUU,100000
157,157.0,157.0,157.0,,,,,AGUCAGGCCGA--GUUCCU---UCGCCACGUGA-U------GCCU----U-----UCGUGUGCUGCCUGU---------GGGUGU,100000
158,158.0,158.0,158.0,,,,,AGUCAGGCCGGC-UAUC----GCCGCCACGUC---------UCUG----UCAC---GACGUGCUGCCUG----------UGGAAG,100000
159,159.0,159.0,159.0,,,,,UGUCAGGCCCU--UUUU-----AGGCCACCGC--UG-----AAA-----UGU----GCGGUGCAGCCUG-----------UUUUU,100000
160,160.0,160.0,160.0,,,,,AGUCAGGCCCAG-GAAUG---CUGGCCACUCC--U------UUU-----CUUC---GGAGUGCUGCCUGU----------GAAAG,100000
161,161.0,161.0,161.0,,,,,UGUCAGGCCGC--AAAAA----GCGCCACCUUG--------AAA-----AUC---CGAGGUGCAGCCUG-----------UUUUU,100000
162,162.0,162.0,162.0,,,,,AGUCAGGCCCC--GAAGUUA--GGGCCACUCC--AUA----UUC-----CC-----GGAGUGCUGCCUGU----------GAAAA,100000
163,163.0,163.0,163.0,,,,,UGUCAGGCCCG--AUUAGC---CGGCCACCCUG--------GAA-----CGA---CGGGGUGCAGCCUG-----------UUUUU,100000
164,164.0,164.0,164.0,,,,,AGUCAGGCCAC--UUUUCU---GUGCCACGGC--GC-----UCA-----AUA----GCCGUGCUGCCUG-----------UGAAA,100000
165,165.0,165.0,165.0,,,,,UGUCAGGCCGG--GAAG-----CCGCCACGUGG-GA-----AAG-----AUA---CUACGUGCAGCCUG-----------UUUUU,100000
166,166.0,166.0,166.0,,,,,UGUCAGGCCC---UUAU------GGCCACGU---CGGA---GAAU----UU------ACGUGCAGCCUG----------GUUCGU,100000
167,167.0,167.0,167.0,,,,,UGUCAGGCCCG--UUUCAU---CGGCCACGUGC-UAU----AGA-----CC----GCGCGUGCAGCCUG-----------UUUUC,100000
168,168.0,168.0,168.0,,,,,UGUCAGGCCGG--AAUC-----CCGCCACCCU---------GAA-----AAUAA--AGGGUGCAGCCUG-----------UUUUU,100000
169,169.0,169.0,169.0,,,,,AGUCAGGCCCC--UAUU-----GGGCCACCUAC--------UUU-----AAU---GUAGGUGCUGCCUGU----------GAAAA,100000
170,170.0,170.0,170.0,,,,,UGUCAGGCCCG--UAAUCU---UGGCCACGGC--ACCA---AAA-----A------GCCGUGCAGCCUG-----------UUUUU,100000
171,171.0,171.0,171.0,,,,,AGUCAGGCCGC--UAAAAC---GCGCCACCUCGUG------CUUU----A----ACGAGGUGCUGCCUGUG--------AAAGAA,100000
172,172.0,172.0,172.0,,,,,AGUCAGGCCAGC-UUACAUU-GCUGCCACCCC--UCCU---UUU-----U------GGGGUGCUGCCUGU----------GGAAA,100000
173,173.0,173.0,173.0,,,,,UGUCAGGCCCGA-GUAAG---UUGGCCACGACU-G------AAA-----UG----AGUCGUGCAGCCUG-----------UUUUU,100000
174,174.0,174.0,174.0,,,,,UGUCAGGCCCGG-GAUG----UCGGCCACGGC---------GAGAGG--AA-----GCCGUGCAGCCUG--------UUUUUUUU,100000
175,175.0,175.0,175.0,,,,,UGUCAGGCCUGG-AUUAG---CCAGCCACUCG---------GAG-----AAAAA--CGAGUGCAGCCUGUU---------UUUUU,100000
176,176.0,176.0,176.0,,,,,UGUCAGGCCCUC-ACUC----GAGGCCACGGG--U------AAA-----UAAU---CCCGUGCAGCCUG-----------UUUUU,100000
177,177.0,177.0,177.0,,,,,UGUCAGGCCCG--UAUAU----CGGCCACGCG--G------AAA-----ACGA---CGCGUGCAGCCUG-----------UUUUU,100000
178,178.0,178.0,178.0,,,,,AGUCAGGCCCGA-CAU-----UUGGCUACGCAU-GG-----UUC-----A-----GUGUGUGCUGCCUGUA---------GAAAU,100000
179,179.0,179.0,179.0,,,,,UGUCAGGCCGGAUUAC----GUUCGCUACGU---A------UCAUAC--UCC-----ACGUGCAGCCUG--------GUAUGAAG,100000
180,180.0,180.0,180.0,,,,,UGUCAGGCCCG--GUUA-----CGGCCACUCGU-G------GAAG----G-----AUGAGUGCAGCCUG----------UUUUUU,100000
181,181.0,181.0,181.0,,,,,UGUCAGGCCC---UAUUU-----GGCCACGUGU--------GAA-----AUCUA-ACACGUGCAGCCUG-----------UUUUU,100000
182,182.0,182.0,182.0,,,,,AGUCAGGCCCCG-UUAUU---CGGGCCACCGG--UCUA---UUU-----U------CUGGUGCUGCCUGU----------GAAAA,100000
183,183.0,183.0,183.0,,,,,AGUCAGGCCACUAAAA----UGGUGCCACGUGU-U------UUUG----U-----ACGCGUGCUGCCUG----------UGAAAA,100000
184,184.0,184.0,184.0,,,,,UGUCAGGCCC---UUAUCU----GGCCACGUGC--------GAA-----GUAGA-GCGCGUGCAGCCUG-----------UUUUU,100000
185,185.0,185.0,185.0,,,,,UGUCAGGCCUGG-AAU-----CCAGCCACCGC---------GGA-----AUUAA--GCGGUGCAGCCUG-----------UUUUU,100000
186,186.0,186.0,186.0,,,,,AGUCAGGCCGU--UUCCC----GCGCCACGUA--GC-----CGAA----CCAUA--UACGUGCUGCCUGCCUU------UUUGCG,100000
187,187.0,187.0,187.0,,,,,AGUCAGGCCGC--UUUGU----GCGCCACUGAACAU-----UUC-----C----GUUUAGUGCUGCCUGU----------GAAAG,100000
188,188.0,188.0,188.0,,,,,UGUCAGGCCCA--GUUCG----UGGCCACCCU--G------AAA-----UAUA---AGGGUGCAGCCUG-----------UUUUU,100000
189,189.0,189.0,189.0,,,,,UGUCAGGCCCUC-AUC-----GAGGCCACCGCU-GG-----GGA-----AAA---AGUGGUGCAGCCUGU----------UUUUU,100000
190,190.0,190.0,190.0,,,,,AGUCAGGCCGUC-AAU-----GACGCCACUCCA-UCAU---CCA-----U-----UGGAGUGCUGCCUG-----------UGGAA,100000
191,191.0,191.0,191.0,,,,,UGUCAGGCCCUACGAUGA--GUGGGCCACCGACU-------GGG-----AUAA-AGUCGGUGCAGCCUG-----------UUUUU,100000
192,192.0,192.0,192.0,,,,,AGUCAGGCCAUC-GAACUG--GAUGCCACCCGC-U------UUUA----U-----GUGGGUGCUGCCUG----------UGGAAA,100000
193,193.0,193.0,193.0,,,,,AGUCAGGCCGUCGUAAUU--CGAUGCCACGUGACA------UCA-----CCC--GUCACGUGCUGCCUG-----------UGGAA,100000
194,194.0,194.0,194.0,,,,,UGUCAGGCCUCC-GAAA----GGAGCCACGG---GAG----AGA-----AAAA----CCGUGCAGCCUG-----------UUUUU,100000
195,195.0,195.0,195.0,,,,,AGUCAGGCCA---UCUAU-----UGCCACUGAC--------GCAU----GAG---GUCGGUGCUGCCUGU---------AUGCAC,100000
196,196.0,196.0,196.0,,,,,UGUCAGGCCCG--GAUAUG---CGGCCACCUGG--------GAA-----CACGA-CCAGGUGCAGCCUG-----------UUUUU,100000
197,197.0,197.0,197.0,,,,,AGUCAGGCCAA--GAAAAG---UUGCCACCUC--UA-----UUUC----CC-----GAGGUGCUGCCUGU---------GAAGAG,100000
198,198.0,198.0,,,,,,UGUCAGGCCC---AAAACC----GGCCACGACUC-------GUUC----UG---GAGUCGUGCAGCCUGU---------GAAUUA,100000
199,199.0,,,,,,,UGUCAGGCCUC--UACGU----GAGCCACCCAG--------GAAA----AG----CUGGGUGCAGCCUG----------UUUUUU,100000
200,200.0,,,,,,,AGUCAGGCCAC--AAUCC----GUGCCACCCC---------UCA-----CCUUU--GGGGUGCUGCCUG-----------UGAAG,100000
201,201.0,,,,,,,AGUCAGGCCAGU-UUCGAU--ACUGCCACGUG---------UCA-----CAAUU--CACGUGCUGCCUG-----------UGGAA,100000
202,202.0,,,,,,,UGUCAGGCCCA--UAUU-----UGGCCACCGG--AAG----AAA-----AC-----CCGGUGCAGCCUG-----------UUUUU,100000
203,203.0,,,,,,,UGUCAGGCCCG--GAUUUA---CGGCCACUCG---------GAG-----UCAAG--CGAGUGCAGCCUG-----------UUUUU,100000
204,204.0,,,,,,,AGUCAGGCCGAU-UAACU---AUCGCCACCGCC-UA-----UCA-----U-----GGCGGUGCUGCCUG-----------UGGAA,100000
205,205.0,,,,,,,AGUCAGGCCGUC-UUGU----GAUGCCACGGC--UC-----UUA-----CCC----GCCGUGCUGCCUG-----------UGGAA,100000
206,206.0,,,,,,,UGUCAGGCCC---AAUGUA----GGCCACUAG---------GUA-----GCUAA--CUAGUGCAGCCUG-----------UACGG,100000
207,207.0,,,,,,,UGUCAGGCCUG--AAAC-----CAGCCACA----UAC----UAUC----UAAAU----UGUGCAGCCUG----------GGUAUA,100000
208,208.0,,,,,,,AGUCAGGCCAUU-GUCCAA--AGUGCCACCGG---------UUA-----CCUUU--CCGGUGCUGCCUG-----------UGAAG,100000
209,,,,,,,,UGUCAGGCCUC--UAAAUU---GAGCCACCCCC--------GGG-----UUUA--GGGGGUGCAGCCUG-----------UUUUU,100000
210,,,,,,,,UGUCAGGCCCGU-UCAUU---ACGGCCACGUC--GAAAUAGAAA-----A------GACGUGCAGCCUG-----------UUUUU,100000
211,,,,,,,,AGUCAGGCCACCGAAU----CGGUGCCACGGAUC-------CUC-----G----GGUUCGUGCUGCCUGU----------GAGAG,100000
212,,,,,,,,UGUCAGGCCCG--GUUA-----CGGCCACCAGG-UAC----GGC-----U-----CCUGGUGCAGCCUGUUUUU------GUUUC,100000
213,,,,,,,,UGUCAGGCCCG--GUUA-----CGGCCACAUC--UC-----AAA-----UUCC---GAUGUGCAGCCUGUU---------UUUUU,100000
214,,,,,,,,AGUCAGGCCAUGGGAACG--CCGUGCCACCAGA--------UUUG----CC----UCUGGUGCUGCCUG----------UGAAAG,100000
215,,,,,,,,UGUCAGGCCUC--UAAUUU---GAGCCACCUUC-C------CAA-----UAUA--GAAGGUGCAGCCUGUUU--------UUGUU,100000
216,,,,,,,,UGUCAGGCCUGG-GAUCGAA-CCAGCCACCGC--U------CAA-----CAAC---GUGGUGCAGCCUGUUUUUU-----UUGUC,100000
217,,,,,,,,AGUCAGGCCCGAUUAAUU--GUCGGCCACCGGAC-------UUCC----U----GUUCGGUGCUGCCUGU---------GGAAAG,100000
218,,,,,,,,UGUCAGGCCCGC-GUUUCG--GUGGCCACGG---UCUUA--AUUC----U-------CCGUGCAGCCUGUUUU------GAGUUU,100000
219,,,,,,,,UGUCAGGCCCGC-GUUAA---GCGGCCACCGUC-C------CAAG----CA----GAUGGUGCAGCCUGUUUUUU----CUUGUC,100000
220,,,,,,,,AGUCAGGCCCGA-GAUGUA--UCGGCCACCAC--UUU----UUC-----UUCU---GUGGUGCUGCCUGU----------GGAAA,100000
221,,,,,,,,UGUCAGGCCUCG-AAUCC---CGAGCCACAUG--AU-----AAAGC---C------CAUGUGCAGCCUGUUUUCC---GUUUUUU,100000
222,,,,,,,,AGUCAGGCCCCUAUUAAU--UAGGGCCACGUC--AAAGG--UCC-----A------GACGUGCUGCCUGU----------GGAAA,100000
223,,,,,,,,UGUCAGGCCUCCGACC----CGGAGCCACGUUU-UC-----GAAUU---U-----AAACGUGCAGCCUGUUUUU----AGUUUUA,100000
224,,,,,,,,UGUCAGGCCUAC-GAUGAA--GUAGCCACGGGC-CCA----GAAA----A-----GCCCGUGCAGCCUG----------UUUUUC,100000
225,,,,,,,,UGUCAGGCCCGC-AUU-----GCGGCCACGAAG-A------AGA-----AC----CUUCGUGCAGCCUG-----------UUUUU,100000
226,,,,,,,,UGUCAGGCCCGC-GUUAUG--GCGGCCACAUCGCA------CGAG----AU---GCGAUGUGCAGCCUGUUUU------UUCGUU,100000
227,,,,,,,,AGUCAGGCCGGC-CUU-----GCCGCCACGU---UU-----UCA-----AACCU---ACGUGCUGCCUG-----------UGAAA,100000
228,,,,,,,,UGUCAGGCCCGG-UAU-----CCGGCCACCGUG-CUC----AAAU----C-----CACGGUGCAGCCUGUUUU------GUUUUC,100000
229,,,,,,,,UGUCAGGCCCG--GUUUA----CGGCCACCAC---------AAA-----UCUCC--GUGGUGCAGCCUGUU---------UUUUU,100000
230,,,,,,,,UGUCAGGCCUCC-UUUU----GGAGCCACCGC--UCAA---CUA-----U------GCGGUGCAGCCUGUUUGU------UAGUC,100000
231,,,,,,,,UGUCAGGCCUC--UAAAGU---GAGCCACCAGA-U------AAAGGA--U-----UCUGGUGCAGCCUGUUU-----UCCUUUUU,100000
232,,,,,,,,AGUCAGGCCCCU-GUAAG---AGGGCCACCGC---------UUUU----AAGU---GCGGUGCUGCCUGUG--------AAAAAU,100000
233,,,,,,,,UGUCAGGCCCGG-GAUCCAA-CCGGCCACUC----------GAACA---UAAAA---GAGUGCAGCCUGUU-------UGUUUUA,100000
234,,,,,,,,UGUCAGGCCUAGGGUUA---CCUGGCCACCUCGCUC-----GAG-----UU---GUGAGGUGCAGCCUG-----------UUUUU,100000
235,,,,,,,,AGUCAGGCCCAGUGAAA---GCUGGCCACGGC--C------CUA-----AUCUC--GCCGUGCUGCCUG-----------UGGAA,100000
236,,,,,,,,AGUCAGGCCAUGUUUAU---GCAUGCCACGAA--UUA----UUUA----CU-----UUCGUGCUGCCUG----------UGAAAA,100000
237,,,,,,,,AGUCAGGCCAGC-UUUAAUU-GCUGCCACCCGU-CUU----UUA-----UU----AUGGGUGCUGCCUG-----------UGGAA,100000
238,,,,,,,,UGUCAGGCCUCC-AUC-----GGAGCCACGAG--GGCA---AAA-----AUUA---CUCGUGCAGCCUG-----------UUUUU,100000
239,,,,,,,,UGUCAGGCCCUG-UUUUU---CAGGCCACGUGGC-------GGA-----UUA--GUCACGUGCAGCCUG-----------UUUUU,100000
240,,,,,,,,AGUCAGGCCCCG-AAUGGAC-CGGGCCACGAG--GAUUC--GUA-----A------CUCGUGCUGCCUGUGAA-------UGUAU,100000
241,,,,,,,,AGUCAGGCCAUGUGAAA---ACGUGCCACGAGU-UU-----CUA-----U-----ACUCGUGCUGCCUG-----------UGGAA,100000
242,,,,,,,,AGUCAGGCCGGGCUCCUU--GCUCGCCACUGGU--------GCCA----AUAA--GCCAGUGCUGCCUG----------UGGUUC,100000
243,,,,,,,,UGUCAGGCCCGGGCAA----CCCGGCCACCC---UCUAAU-AACA----CU------GGGUGCAGCCUGUUUU------UGUUUU,100000
244,,,,,,,,UGUCAGGCCCAC-UUCGU---GUGGCCACACC--AAUU---AAGAU---CC-----GGUGUGCAGCCUGU--------GUUUUUU,100000
245,,,,,,,,AGUCAGGCCAUGGAAUGC--CCAUGCCACGAG--ACUU---UUAAC---C------CUCGUGCUGCCUGUGAA-----GUUAAGA,100000
246,,,,,,,,UGUCAGGCCCGA-GAAUUAG-UCGGCCACGCU--AAGAU--AAAA----A------AGCGUGCAGCCUG----------UUUUUU,100000
247,,,,,,,,AGUCAGGCCCCUUGUAA---AAGGGCCACGUUC-A------UUUG----CUG---GAACGUGCUGCCUG----------UGGAAA,100000
248,,,,,,,,AGUCAGGCCAAGCGUUAA--GCUUGCCACCCAGG-------CCA-----AA---CCUGGGUGCUGCCUG-----------UGGAA,100000
249,,,,,,,,AGUCAGGCCACGUGAAAA--GCGUGCCACCGCGGGA-----UUA-----A----CCGCGGUGCUGCCUG-----------UGAAA,100000
250,,,,,,,,UGUCAGGCCCGC-AUC-----GCGGCCACGG---GA-----CAAA----AUAA----CCGUGCAGCCUGUU--------UUUGUU,100000
251,,,,,,,,AGUCAGGCCCCACCUCG---GUGGGCCACGUAUGCU-----CCA-----A----CAUACGUGCUGCCUG-----------UGGAA,100000
252,,,,,,,,AGUCAGGCCGGCGAUAGA--CGCCGCCACCGCGC-------GUUUC---AA---GCGCGGUGCUGCCUGU--------GGAAUGU,100000
253,,,,,,,,AGUCAGGCCAUGUUAU----GCAUGCCACCGC--UC-----UUUU----CUUC---GUGGUGCUGCCUGUG--------AAAAAU,100000
254,,,,,,,,UGUCAGGCCUCCCGAUGA--GGGAGCCACCGGUGAU-----AAG-----CC---CACCGGUGCAGCCUG-----------UUUUU,100000
255,,,,,,,,AGUCAGGCCAGC-GAAAUA--GCUGCCACCGCCC-------ACUU----CCA--GGGUGGUGCUGCCUGU---------GAGUUU,100000
256,,,,,,,,AGUCAGGCCAC--UUAAAU---GUGCCACGUGGCC------UUUA----C----GCUACGUGCUGCCUG----------UGAAAG,100000
257,,,,,,,,AGUCAGGCCAUGUGUCA---GCAUGCCACGG---CCCUA--UUU-----CAA-----CCGUGCUGCCUGU----------GAAAG,100000
258,,,,,,,,UGUCAGGCCUUGUGUUA---ACAAGCCACUCC--GGGU---AAAG----A------GGAGUGCAGCCUG----------UUUUUU,100000
259,,,,,,,,AGUCAGGCCAAC-GAAUCG--GUUGCCACGCU--U------UUUA----UUC----AGCGUGCUGCCUG----------UGAAAG,100000
260,,,,,,,,UGUCAGGCCUCGGUUAUU--CCGAGCCACGUC---------GAAGC---GUA----GACGUGCAGCCUGUUUU-----GUUUUUU,100000
261,,,,,,,,UGUCAGGCCCAC-GUAUA---GUGGCCACGAUG-UCC----AGA-----UC----CGUCGUGCAGCCUG-----------UUUUU,100000
262,,,,,,,,UGUCAGGCCUCC-GAUCUA--GGAGCCACCCAC--------GGAA----UAA---GUGGGUGCAGCCUG----------UUUUUU,100000
263,,,,,,,,UGUCAGGCCUAAGUCAU---CUUAGCCACCCUU--------GAG-----AUAAA-GAGGGUGCAGCCUG-----------UUUUU,100000
264,,,,,,,,AGUCAGGCCGGAGGAAA---CUCUGCCACCUUUCU------CCG-----UAU--GAGAGGUGCUGCCUG-----------UGGAA,100000
265,,,,,,,,UGUCAGGCCCGG-GUCG----CCGGCCACGACG-UUG----GAGU----U-----CGUCGUGCAGCCUGUUUUUU----AUUUUC,100000
266,,,,,,,,AGUCAGGCCAUGCGUUA---GCGUGCCACCGUGC-------UCC-----CU---GUGCGGUGCUGCCUGU----------GGAAG,100000
267,,,,,,,,UGUCAGGCCCGU-UCUCCCU-ACGGCCACGGU---------GAUUG---AUA----AUCGUGCAGCCUGUUUUU----CAAUUUU,100000
268,,,,,,,,UGUCAGGCCCAC-GAGUAA--GUGGCCACCCAGU-------AAA-----CUCA-ACUGGGUGCAGCCUG-----------UUUUU,100000
269,,,,,,,,UGUCAGGCCUGCGGAUCA--CGCAGCCACGGA--UUAUGA-ACA-----CU-----UCCGUGCAGCCUGUUUU-------UGUCU,100000
270,,,,,,,,UGUCAGGCCCG--GUCG-----CGGCCACGUCU-ACU----AGA-----A-----AGACGUGCAGCCUG-----------UUUUU,100000
271,,,,,,,,AGUCAGGCCCGGGUUAU---CCCGGCCACGGAC--------UUUCC---U-----GUUCGUGCUGCCUGU--------GGAAAAG,100000
272,,,,,,,,AGUCAGGCCCGG-GAACG---CCGGCCACGUC--AUUA---UUUC----CA-----GACGUGCUGCCUGU---------GAAAAG,100000
273,,,,,,,,AGUCAGGCCCGU-GAAAAAA-ACGGCCACAGC--UAA----UUA-----CU-----GCUGUGCUGCCUG-----------UGGAA,100000
274,,,,,,,,AGUCAGGCCUGG-GAUG----CCAGCCACGA---U------CAUUC---UAAU----UCGUGCUGCCUGU--------GGAUGUU,100000
275,,,,,,,,UGUCAGGCCCAUUUAAGU--GAUGGCCACGAUGGU------GAAG----U----CCAUCGUGCAGCCUGUUUUUC----CUUUUU,100000
276,,,,,,,,AGUCAGGCCCGGUGUAAA--GCUGGCCACGUGU-UA-----UCA-----U-----ACACGUGCUGCCUG-----------UGGAA,100000
277,,,,,,,,UGUCAGGCCGCC-GAUUCGA-GGCGCCACCGCC--------GAUGCUG-G-----GGCGGUGCAGCCUGUUUUUU-CAGUAUUUA,100000
278,,,,,,,,AGUCAGGCCGAUUUAAAU--GAUCGCCACGCGCC-------GUUU----AA---GGUGCGUGCUGCCUGUG--------GAAUGU,100000
279,,,,,,,,AGUCAGGCCCUUCGAUGA--GAAGGCCACGGA--ACC----AUUU----C------UCCGUGCUGCCUGUGA-------AAGUUG,100000
280,,,,,,,,UGUCAGGCCUGG-AAUC----CCAGCCACGUGA--------AAAAGG--AC----UUACGUGCAGCCUG--------UUUUUUUC,100000
281,,,,,,,,UGUCAGGCCCAC-UCUU----GUGGCCACCCAGC-------GGAUGG--A----GCUGGGUGCAGCCUGUUUUU---CUAUUCCC,100000
282,,,,,,,,AGUCAGGCCCUUCGUAA---GAAGGCCACGCCACCUG----ACU-----C----GUGGCGUGCUGCCUGU----------GGUUC,100000
283,,,,,,,,UGUCAGGCCCGC-UAAAU---GCGGCCACCC---ACA----AGA-----CCUA----GGGUGCAGCCUGU----------UUUAG,100000
284,,,,,,,,AGUCAGGCCCUCGGAAUG--CGAGGCCACUCUG-CCUU---UUA-----A-----CGGAGUGCUGCCUG-----------UGGAA,100000
285,,,,,,,,AGUCAGGCCAUG-AAAAC---CAUGCCACGC---CCCCUA-UUA-----UCA-----GCGUGCUGCCUG-----------UGAAA,100000
286,,,,,,,,UGUCAGGCCCGA-ACUACAC-UCGGCCACGAC--UCUG---AUUC----U------GUCGUGCAGCCUGUUUU------GAAUUU,100000
287,,,,,,,,UGUCAGGCCUAG-AUCAACC-CUAGCCACCCG--AACC---AAA-----C------CGGGUGCAGCCUG-----------UUUUU,100000
288,,,,,,,,UGUCAGGCCUAUCAUUC---GGUAGCCACCCUGC-------GAGACA--A----GCAGGGUGCAGCCUGUUUU----UGUUUUUU,100000
289,,,,,,,,AGUCAGGCCAUCGAAAAC--CGGUGCCACUCG---------UUC-----CCACC--CGAGUGCUGCCUGU----------GAAAA,100000
290,,,,,,,,UGUCAGGCCUACGGUAG---CGUAGCCACUCC--CC-----CGA-----UUU----GGAGUGCAGCCUGUUU--------UUGUU,100000
291,,,,,,,,AGUCAGGCCCUCGAAU----CGAGGCCACGAGA-CA-----UUCC----C-----UCUCGUGCUGCCUGU---------GGAAAA,100000
292,,,,,,,,AGUCAGGCCCAUGAAAC---CAUGGCCACCCGG-UA-----UUUC----CU----CCGGGUGCUGCCUGU---------GAAAAG,100000
293,,,,,,,,UGUCAGGCCCAA-GUAGUUG-UUGGCCACCGUG--------AAACG---AUC---CACGGUGCAGCCUGUUUU-----UGUUUUU,100000
294,,,,,,,,UGUCAGGCCUC--AUUAC----GAGCCACGCAUU-------UGA-----UUU--GAUGCGUGCAGCCUGUUU--------UUGUU,100000
295,,,,,,,,UGUCAGGCCCG--AUUCC----CGGCCACGUGA-G------AAAACG--A-----UCACGUGCAGCCUGUUUU----UGUUUUUU,100000
296,,,,,,,,UGUCAGGCCCUCAUUUAU--UGAGGCCACGGC--CG-----GAAUU---AA-----GCCGUGCAGCCUGUUUUUG---GAUUUUG,100000
297,,,,,,,,UGUCAGGCCCAUGAAUCC--CGUGGCCACGA---UAAUAU-AAC-----U-------UCGUGCAGCCUGUUUU-------GUUUU,100000
298,,,,,,,,AGUCAGGCCACCCUAUCU--GGGUGCCACGUC--UCUC---UUUA----U------GACGUGCUGCCUG----------UGGAAG,100000
299,,,,,,,,AGUCAGGCCACU-UAUCU---AGUGCCACGUUGG-------CCA-----UCA--CCAGCGUGCUGCCUG-----------UGGAA,100000
300,,,,,,,,UGUCAGGCCGGUCUUAU---GAUCGCCACGUGGA-------GAAG----AAA--UCCACGUGCAGCCUGUUUUUC----CUUUUC,100000
301,,,,,,,,UGUCAGGCCUCC-CUCG----GGAGCCACGGU--AA-----AGGAG---A------ACCGUGCAGCCUGUU-------UUUUUUU,100000
302,,,,,,,,UGUCAGGCCCGC-GUUGA---GCGGCCACUAGC--------GGAC----CAAA--GUUAGUGCAGCCUGUUUUUU----GUUCUU,100000
303,,,,,,,,UGUCAGGCCCUACAUU----GUAGGCCACCGCUG-------GAAAG---G----UAGUGGUGCAGCCUG---------UUUUUUU,100000
304,,,,,,,,UGUCAGGCCUCG-UCAU----CGAGCCACGGAG--------AAAAA---AAC---CUUCGUGCAGCCUG---------UUUUUUU,100000
305,,,,,,,,UGUCAGGCCUACGGUUA---CGUGGCCACGUG--U------CAA-----UUAC---CACGUGCAGCCUGUUU--------UUGUC,100000
306,,,,,,,,AGUCAGGCCAUC-UUUAU---GAUGCCACCGUUG-------UCC-----CCU--CAGCGGUGCUGCCUGU----------GGAAA,100000
307,,,,,,,,AGUCAGGCCAGG-UCUUCAU-CCUGCCACGGC--ACC----UUCC----C------GCCGUGCUGCCUGU---------GGAAAA,100000
308,,,,,,,,UGUCAGGCCUGUCGACCG--GACAGCCACGCUGAG------AAAA----AA---UCAGCGUGCAGCCUG----------UUUUUU,100000
